TYHT,nasdaq
TYME,nasdaq
TZOO,nasdaq
TZPS,nasdaq
TZPSU,nasdaq
ON,nasdaq
TZPSW,nasdaq
ONB,nasdaq
UAL,nasdaq
ONCR,nasdaq
ONCS,nasdaq
UBCP,nasdaq
ONCT,nasdaq
UBFO,nasdaq
ONCY,nasdaq
UBOH,nasdaq
ONDS,nasdaq
UBSI,nasdaq
ONEM,nasdaq
UBX,nasdaq
ONEW,nasdaq
UCBI,nasdaq
ONTX,nasdaq
UCBIO,nasdaq
ONTXW,nasdaq
UCL,nasdaq
ONVO,nasdaq
UCTT,nasdaq
OPBK,nasdaq
UEIC,nasdaq
OPCH,nasdaq
UEPS,nasdaq
MFIN,nasdaq
OPEN,nasdaq
UFCS,nasdaq
MFNC,nasdaq
UFPI,nasdaq
MGEE,nasdaq
UFPT,nasdaq
MGI,nasdaq
UG,nasdaq
MGIC,nasdaq
OPENW,nasdaq
UGRO,nasdaq
OPGN,nasdaq
UHAL,nasdaq
OPHC,nasdaq
MGLN,nasdaq
UIHC,nasdaq
OPI,nasdaq
MGNI,nasdaq
UK,nasdaq
ASTC,nasdaq
DCRBU,nasdaq
MGNX,nasdaq
UKOMW,nasdaq
ASTE,nasdaq
ULBI,nasdaq
MGPI,nasdaq
CCNC,nasdaq
OPINI,nasdaq
ASTS,nasdaq
ULCC,nasdaq
MGRC,nasdaq
OPINL,nasdaq
ASTSW,nasdaq
CCNE,nasdaq
ULH,nasdaq
MGTA,nasdaq
OPK,nasdaq
ASUR,nasdaq
DCRBW,nasdaq
CCNEP,nasdaq
MGTX,nasdaq
OPNT,nasdaq
ULTA,nasdaq
CCOI,nasdaq
MGYR,nasdaq
UMBF,nasdaq
CCRC,nasdaq
UMPQ,nasdaq
ASYS,nasdaq
CCRN,nasdaq
UNAM,nasdaq
ATAX,nasdaq
CCXI,nasdaq
MHLD,nasdaq
OPOF,nasdaq
ATCOL,nasdaq
DCRC,nasdaq
UNB,nasdaq
OPRA,nasdaq
MICT,nasdaq
UNIT,nasdaq
CD,nasdaq
ATCX,nasdaq
OPRT,nasdaq
MIDD,nasdaq
CDAK,nasdaq
ATEC,nasdaq
OPRX,nasdaq
UNTY,nasdaq
MILE,nasdaq
CDEV,nasdaq
ATER,nasdaq
OPT,nasdaq
MILEW,nasdaq
UONE,nasdaq
ATEX,nasdaq
UONEK,nasdaq
DCRCU,nasdaq
ATHA,nasdaq
UPC,nasdaq
DCRCW,nasdaq
ATHE,nasdaq
QTRX,nasdaq
CDK,nasdaq
UPLD,nasdaq
DCRN,nasdaq
OPTN,nasdaq
ATHX,nasdaq
MIME,nasdaq
CDLX,nasdaq
UPST,nasdaq
DCRNU,nasdaq
OPTT,nasdaq
ATIF,nasdaq
MIND,nasdaq
CDMO,nasdaq
UPWK,nasdaq
QTT,nasdaq
DCRNW,nasdaq
ORBC,nasdaq
MINDP,nasdaq
ATLC,nasdaq
CDNA,nasdaq
QUIK,nasdaq
URBN,nasdaq
DCT,nasdaq
ORGO,nasdaq
MIRM,nasdaq
ATLO,nasdaq
CDNS,nasdaq
QUMU,nasdaq
URGN,nasdaq
DCTH,nasdaq
ORGS,nasdaq
MIST,nasdaq
ATNF,nasdaq
CDTX,nasdaq
UROY,nasdaq
DDMX,nasdaq
MITC,nasdaq
ORIAU,nasdaq
USAK,nasdaq
DDMXU,nasdaq
MITK,nasdaq
DDMXW,nasdaq
USAP,nasdaq
MITO,nasdaq
QURE,nasdaq
DDOG,nasdaq
USAU,nasdaq
MKD,nasdaq
ATNFW,nasdaq
ORIC,nasdaq
CDW,nasdaq
USCR,nasdaq
DENN,nasdaq
ATNI,nasdaq
AACG,nasdaq
ORLY,nasdaq
CDXC,nasdaq
DFFN,nasdaq
USEG,nasdaq
ATNX,nasdaq
ORMP,nasdaq
CDXS,nasdaq
USIO,nasdaq
DFH,nasdaq
ATOM,nasdaq
CDZI,nasdaq
ORPH,nasdaq
MKGI,nasdaq
USLM,nasdaq
ATOS,nasdaq
CECE,nasdaq
ORRF,nasdaq
MKSI,nasdaq
USWS,nasdaq
RAAC,nasdaq
ATRA,nasdaq
CELC,nasdaq
ORTX,nasdaq
USWSW,nasdaq
MKTX,nasdaq
ATRC,nasdaq
CELH,nasdaq
OSBC,nasdaq
MKTY,nasdaq
UTHR,nasdaq
DFHT,nasdaq
ATRI,nasdaq
CEMI,nasdaq
OSIS,nasdaq
MLAB,nasdaq
UTMD,nasdaq
ATRO,nasdaq
OSMT,nasdaq
MLAC,nasdaq
ATRS,nasdaq
OSN,nasdaq
MLACU,nasdaq
CENH,nasdaq
UTME,nasdaq
RAACU,nasdaq
ATSG,nasdaq
OSPN,nasdaq
MLACW,nasdaq
UTSI,nasdaq
ATSPT,nasdaq
OSS,nasdaq
AACQ,nasdaq
MLCO,nasdaq
UVSP,nasdaq
ATSPU,nasdaq
DFHTU,nasdaq
OSTK,nasdaq
AACQU,nasdaq
MLHR,nasdaq
ATSPW,nasdaq
UXIN,nasdaq
OSTR,nasdaq
MLND,nasdaq
ATVCU,nasdaq
VABK,nasdaq
ATVCW,nasdaq
VACC,nasdaq
CENHU,nasdaq
RAACW,nasdaq
ATVI,nasdaq
VACQ,nasdaq
ATXI,nasdaq
OSTRU,nasdaq
VACQU,nasdaq
AACQW,nasdaq
MLVF,nasdaq
CENHW,nasdaq
OSTRW,nasdaq
AUB,nasdaq
AAL,nasdaq
MMAC,nasdaq
CENT,nasdaq
OSUR,nasdaq
AUBAP,nasdaq
AAME,nasdaq
CENTA,nasdaq
MMLP,nasdaq
OSW,nasdaq
AUBN,nasdaq
AAOI,nasdaq
CENX,nasdaq
MMSI,nasdaq
OTEX,nasdaq
RACA,nasdaq
AUDC,nasdaq
AAON,nasdaq
MMYT,nasdaq
OTIC,nasdaq
RACB,nasdaq
AUPH,nasdaq
DFHTW,nasdaq
AAPL,nasdaq
MNDO,nasdaq
OTLK,nasdaq
RADA,nasdaq
AURC,nasdaq
DFPH,nasdaq
AAWW,nasdaq
MNKD,nasdaq
OTLKW,nasdaq
RADI,nasdaq
AURCU,nasdaq
DFPHU,nasdaq
ABCB,nasdaq
MNMD,nasdaq
OTLY,nasdaq
RAIL,nasdaq
DFPHW,nasdaq
AURCW,nasdaq
ABCL,nasdaq
MNOV,nasdaq
OTRA,nasdaq
RAIN,nasdaq
KALA,nasdaq
AUTL,nasdaq
DGICA,nasdaq
ABCM,nasdaq
MNPR,nasdaq
RAMMU,nasdaq
OTRAU,nasdaq
KALU,nasdaq
DGICB,nasdaq
ABEO,nasdaq
SOHO,nasdaq
AUTO,nasdaq
RAND,nasdaq
MNRO,nasdaq
KALV,nasdaq
DGII,nasdaq
ABGI,nasdaq
SOHOB,nasdaq
VACQW,nasdaq
AUUD,nasdaq
RAPT,nasdaq
MNSB,nasdaq
KARO,nasdaq
CERC,nasdaq
DGLY,nasdaq
ABIO,nasdaq
SOHON,nasdaq
VALN,nasdaq
AUUDW,nasdaq
RARE,nasdaq
MNSBP,nasdaq
CERE,nasdaq
KBAL,nasdaq
ABMD,nasdaq
SOHOO,nasdaq
AUVI,nasdaq
VALU,nasdaq
OTRAW,nasdaq
RAVE,nasdaq
KBNT,nasdaq
MNST,nasdaq
ABNB,nasdaq
SOHU,nasdaq
DGNS,nasdaq
AVAH,nasdaq
OTRK,nasdaq
VAQC,nasdaq
RAVN,nasdaq
MNTK,nasdaq
ABST,nasdaq
SOLO,nasdaq
DGNU,nasdaq
AVAV,nasdaq
OTRKP,nasdaq
RBB,nasdaq
VBFC,nasdaq
ABTX,nasdaq
MNTX,nasdaq
SOLOW,nasdaq
DHBC,nasdaq
AVCO,nasdaq
VBIV,nasdaq
RBBN,nasdaq
OTTR,nasdaq
CEREW,nasdaq
ABUS,nasdaq
MODV,nasdaq
DHBCU,nasdaq
AVCT,nasdaq
KBNTW,nasdaq
VBLT,nasdaq
OVBC,nasdaq
RBCAA,nasdaq
CERN,nasdaq
ACAC,nasdaq
MOFG,nasdaq
SOLY,nasdaq
DHBCW,nasdaq
KBSF,nasdaq
AVCTW,nasdaq
VBTX,nasdaq
OVID,nasdaq
RBCN,nasdaq
CERS,nasdaq
ACACU,nasdaq
MOGO,nasdaq
SONM,nasdaq
DHC,nasdaq
KC,nasdaq
AVDL,nasdaq
VC,nasdaq
OVLY,nasdaq
RBKB,nasdaq
CERT,nasdaq
MOHO,nasdaq
ACACW,nasdaq
SONN,nasdaq
DHCA,nasdaq
AVEO,nasdaq
VCEL,nasdaq
OXBR,nasdaq
RBNC,nasdaq
CETX,nasdaq
HBP,nasdaq
MOMO,nasdaq
ACAD,nasdaq
SONO,nasdaq
DHCAU,nasdaq
AVGO,nasdaq
VCKA,nasdaq
OXBRW,nasdaq
CETXP,nasdaq
RCAT,nasdaq
ACAH,nasdaq
MON,nasdaq
HBT,nasdaq
DHCAW,nasdaq
SP,nasdaq
AVGOP,nasdaq
VCKAU,nasdaq
OXLC,nasdaq
CETXW,nasdaq
RCEL,nasdaq
ACAHU,nasdaq
MONCU,nasdaq
DHCNI,nasdaq
SPCB,nasdaq
VCKAW,nasdaq
AVGR,nasdaq
OXLCL,nasdaq
RCHG,nasdaq
MONCW,nasdaq
ACAHW,nasdaq
CEVA,nasdaq
DHCNL,nasdaq
MOR,nasdaq
RCHGU,nasdaq
VCNX,nasdaq
AVID,nasdaq
OXLCM,nasdaq
SPFI,nasdaq
DHHC,nasdaq
ACBAU,nasdaq
RCHGW,nasdaq
MORF,nasdaq
HCAP,nasdaq
VCTR,nasdaq
OXLCP,nasdaq
SPI,nasdaq
ACBAW,nasdaq
MORN,nasdaq
RCII,nasdaq
OXSQ,nasdaq
ACBI,nasdaq
MOSY,nasdaq
RCKT,nasdaq
OXSQG,nasdaq
SPKB,nasdaq
ACCD,nasdaq
AVIR,nasdaq
RCKY,nasdaq
SPKBU,nasdaq
OXSQL,nasdaq
AVNW,nasdaq
ACER,nasdaq
RCLF,nasdaq
OXSQZ,nasdaq
AVO,nasdaq
ACET,nasdaq
KCAPL,nasdaq
RCLFU,nasdaq
OYST,nasdaq
AVRO,nasdaq
ACEV,nasdaq
KDMN,nasdaq
RCLFW,nasdaq
OZK,nasdaq
AVT,nasdaq
ACEVU,nasdaq
RCM,nasdaq
MOTN,nasdaq
OZON,nasdaq
AVXL,nasdaq
SPKBW,nasdaq
ACEVW,nasdaq
KDNY,nasdaq
DHHCU,nasdaq
RCMT,nasdaq
MOTNU,nasdaq
HCAPZ,nasdaq
PAA,nasdaq
AWH,nasdaq
ACGL,nasdaq
DHHCW,nasdaq
KDP,nasdaq
SPKE,nasdaq
CFAC,nasdaq
RCON,nasdaq
PAAS,nasdaq
AWRE,nasdaq
ACGLO,nasdaq
KE,nasdaq
DHIL,nasdaq
CFACU,nasdaq
SPKEP,nasdaq
RDCM,nasdaq
FLWS,nasdaq
PACB,nasdaq
AXAS,nasdaq
HCAQ,nasdaq
ACGLP,nasdaq
KELYA,nasdaq
SPLK,nasdaq
FLXN,nasdaq
DIOD,nasdaq
RDFN,nasdaq
PACW,nasdaq
HCAR,nasdaq
AXDX,nasdaq
ACHC,nasdaq
KELYB,nasdaq
SPNE,nasdaq
FLXS,nasdaq
DISA,nasdaq
RDHL,nasdaq
HCARU,nasdaq
VCVC,nasdaq
AXGN,nasdaq
ACHL,nasdaq
SPNS,nasdaq
KEQU,nasdaq
FMAO,nasdaq
RDI,nasdaq
DISAU,nasdaq
HCARW,nasdaq
VCVCU,nasdaq
MOTNW,nasdaq
AXLA,nasdaq
ACHV,nasdaq
SPOK,nasdaq
KERN,nasdaq
FMBH,nasdaq
RDIB,nasdaq
HCAT,nasdaq
MOTS,nasdaq
AXNX,nasdaq
ACIU,nasdaq
KERNW,nasdaq
FMBI,nasdaq
PACX,nasdaq
RDNT,nasdaq
HCCC,nasdaq
MOVE,nasdaq
AXON,nasdaq
ACIW,nasdaq
KFFB,nasdaq
FMBIO,nasdaq
PACXU,nasdaq
RDUS,nasdaq
HCCCU,nasdaq
MOXC,nasdaq
ACKIT,nasdaq
AXSM,nasdaq
DISAW,nasdaq
KFRC,nasdaq
FMBIP,nasdaq
PACXW,nasdaq
RDVT,nasdaq
HCCCW,nasdaq
SPPI,nasdaq
MPAA,nasdaq
ACKIU,nasdaq
AXTI,nasdaq
PAE,nasdaq
RDWR,nasdaq
DISCA,nasdaq
KHC,nasdaq
FMIVU,nasdaq
MPACU,nasdaq
SPRB,nasdaq
ACKIW,nasdaq
AY,nasdaq
HCCI,nasdaq
VCVCW,nasdaq
PAEWW,nasdaq
DISCB,nasdaq
REAL,nasdaq
KIDS,nasdaq
FMNB,nasdaq
MPB,nasdaq
SPRO,nasdaq
AYLA,nasdaq
ACLS,nasdaq
HCDI,nasdaq
VCYT,nasdaq
PAGP,nasdaq
REDU,nasdaq
DISCK,nasdaq
FMTX,nasdaq
KIII,nasdaq
SPRT,nasdaq
MPWR,nasdaq
AYRO,nasdaq
ACMR,nasdaq
HCIC,nasdaq
VECO,nasdaq
PAHC,nasdaq
REED,nasdaq
DISH,nasdaq
CFACW,nasdaq
KIIIU,nasdaq
SPSC,nasdaq
FNCB,nasdaq
AYTU,nasdaq
ACNB,nasdaq
HCICU,nasdaq
VECT,nasdaq
PAIC,nasdaq
REFR,nasdaq
KIIIW,nasdaq
DJCO,nasdaq
CFB,nasdaq
SPT,nasdaq
FNCH,nasdaq
HCICW,nasdaq
ACOR,nasdaq
AZN,nasdaq
VELO,nasdaq
PAICU,nasdaq
MRAC,nasdaq
KIN,nasdaq
REG,nasdaq
DKDCU,nasdaq
CFBK,nasdaq
SPTK,nasdaq
ACQR,nasdaq
HCII,nasdaq
FNHC,nasdaq
AZPN,nasdaq
VELOU,nasdaq
REGI,nasdaq
DKNG,nasdaq
SPTKU,nasdaq
KINS,nasdaq
HCIIU,nasdaq
CFFE,nasdaq
ACQRU,nasdaq
AZRX,nasdaq
VELOW,nasdaq
FNKO,nasdaq
DLCA,nasdaq
REGN,nasdaq
SPTKW,nasdaq
KINZ,nasdaq
HCIIW,nasdaq
CFFEU,nasdaq
ACQRW,nasdaq
AZYO,nasdaq
VENA,nasdaq
FNLC,nasdaq
DLCAU,nasdaq
REKR,nasdaq
HCKT,nasdaq
KINZU,nasdaq
CFFEW,nasdaq
ACRS,nasdaq
SPTN,nasdaq
BAND,nasdaq
VENAR,nasdaq
FNWB,nasdaq
PAICW,nasdaq
DLCAW,nasdaq
RELI,nasdaq
KINZW,nasdaq
HCM,nasdaq
ACRX,nasdaq
SPWH,nasdaq
CFFI,nasdaq
BANF,nasdaq
VENAU,nasdaq
PALI,nasdaq
FOCS,nasdaq
DLHC,nasdaq
RELIW,nasdaq
KIRK,nasdaq
ACST,nasdaq
HCSG,nasdaq
SPWR,nasdaq
VENAW,nasdaq
MRACU,nasdaq
CFFN,nasdaq
BANFP,nasdaq
FOLD,nasdaq
DLPN,nasdaq
RELL,nasdaq
KLAC,nasdaq
SQBG,nasdaq
HDSN,nasdaq
VEON,nasdaq
BANR,nasdaq
FONR,nasdaq
DLTH,nasdaq
REPH,nasdaq
HEAR,nasdaq
SQFT,nasdaq
KLAQ,nasdaq
BANX,nasdaq
VERA,nasdaq
MRACW,nasdaq
FORA,nasdaq
DLTR,nasdaq
SRAC,nasdaq
KLAQU,nasdaq
BAOS,nasdaq
VERB,nasdaq
MRAM,nasdaq
DMAC,nasdaq
SRACU,nasdaq
VERBW,nasdaq
BATRA,nasdaq
MRBK,nasdaq
DMLP,nasdaq
VERI,nasdaq
BATRK,nasdaq
REPL,nasdaq
DMRC,nasdaq
KLAQW,nasdaq
SRACW,nasdaq
MRCC,nasdaq
VERO,nasdaq
BBBY,nasdaq
FORD,nasdaq
RESN,nasdaq
DMTK,nasdaq
KLDO,nasdaq
SRAX,nasdaq
BBCP,nasdaq
MRCY,nasdaq
VERU,nasdaq
RETA,nasdaq
DNLI,nasdaq
PANA,nasdaq
KLIC,nasdaq
ACTC,nasdaq
VERX,nasdaq
BBGI,nasdaq
SRCE,nasdaq
MREO,nasdaq
RETO,nasdaq
CFFVU,nasdaq
FORE,nasdaq
PANL,nasdaq
VERY,nasdaq
KLXE,nasdaq
MRIN,nasdaq
SRCL,nasdaq
REVH,nasdaq
PAQC,nasdaq
VFF,nasdaq
MRKR,nasdaq
SRDX,nasdaq
REVHU,nasdaq
PAQCU,nasdaq
VG,nasdaq
MRLN,nasdaq
DOCU,nasdaq
SREV,nasdaq
KMDA,nasdaq
BBI,nasdaq
PAQCW,nasdaq
REVHW,nasdaq
VIAC,nasdaq
MRM,nasdaq
DOGZ,nasdaq
SRGA,nasdaq
KMPH,nasdaq
FOREU,nasdaq
BBIG,nasdaq
REYN,nasdaq
PASG,nasdaq
VIACA,nasdaq
MRNA,nasdaq
DOMO,nasdaq
SRNE,nasdaq
KNBE,nasdaq
ACTCU,nasdaq
PATI,nasdaq
BBIO,nasdaq
RFIL,nasdaq
VIACP,nasdaq
HEC,nasdaq
MRNS,nasdaq
DOOO,nasdaq
SRNG,nasdaq
KNDI,nasdaq
PATK,nasdaq
BBQ,nasdaq
FOREW,nasdaq
HECCU,nasdaq
RGCO,nasdaq
VIAV,nasdaq
SRNGU,nasdaq
MRSN,nasdaq
DORM,nasdaq
KNSA,nasdaq
PAVM,nasdaq
BBSI,nasdaq
HECCW,nasdaq
FORM,nasdaq
RGEN,nasdaq
SRNGW,nasdaq
VICR,nasdaq
MRTN,nasdaq
DOX,nasdaq
KNSL,nasdaq
PAVMW,nasdaq
HEES,nasdaq
FORR,nasdaq
BCAB,nasdaq
VIEW,nasdaq
SRPT,nasdaq
MRTX,nasdaq
RGLD,nasdaq
DOYU,nasdaq
ACTCW,nasdaq
KNTE,nasdaq
CFFVW,nasdaq
PAVMZ,nasdaq
BCAC,nasdaq
VIEWW,nasdaq
SRRA,nasdaq
FORTY,nasdaq
MRUS,nasdaq
RGLS,nasdaq
HELE,nasdaq
DRIO,nasdaq
ACTDU,nasdaq
KOD,nasdaq
PAX,nasdaq
CFIV,nasdaq
BCACU,nasdaq
SRRK,nasdaq
FOSL,nasdaq
MRVI,nasdaq
RGNX,nasdaq
ACTDW,nasdaq
DRNA,nasdaq
HEPA,nasdaq
KOPN,nasdaq
PAYA,nasdaq
BCACW,nasdaq
CFIVU,nasdaq
FOX,nasdaq
SRSA,nasdaq
HERA,nasdaq
RGP,nasdaq
DRRX,nasdaq
ACTG,nasdaq
VIH,nasdaq
MRVL,nasdaq
BCBP,nasdaq
CFIVW,nasdaq
FOXA,nasdaq
HERAU,nasdaq
SRSAU,nasdaq
RIBT,nasdaq
ACVA,nasdaq
DRTT,nasdaq
MSAC,nasdaq
CFMS,nasdaq
BCDA,nasdaq
SRSAW,nasdaq
FOXF,nasdaq
HERAW,nasdaq
ADAG,nasdaq
RICK,nasdaq
MSACW,nasdaq
DRVN,nasdaq
VIHAU,nasdaq
CFRX,nasdaq
BCDAW,nasdaq
FOXW,nasdaq
SRTS,nasdaq
HFBL,nasdaq
RIDE,nasdaq
ADAP,nasdaq
DSAC,nasdaq
MSBI,nasdaq
PAYAW,nasdaq
BCEL,nasdaq
SSAAU,nasdaq
HFFG,nasdaq
FOXWU,nasdaq
RIGL,nasdaq
ADBE,nasdaq
MSDAU,nasdaq
DSACU,nasdaq
PAYS,nasdaq
BCLI,nasdaq
FOXWW,nasdaq
SSB,nasdaq
HFWA,nasdaq
ADER,nasdaq
RILY,nasdaq
MSEX,nasdaq
PAYX,nasdaq
BCML,nasdaq
SSBI,nasdaq
FPAY,nasdaq
HGBL,nasdaq
ADERU,nasdaq
RILYG,nasdaq
MSFT,nasdaq
PBCT,nasdaq
BCOR,nasdaq
SSKN,nasdaq
FRAF,nasdaq
HGEN,nasdaq
ADERW,nasdaq
RILYH,nasdaq
MSGM,nasdaq
PBCTP,nasdaq
BCOV,nasdaq
KOR,nasdaq
FRBA,nasdaq
SSNC,nasdaq
HGSH,nasdaq
VIHAW,nasdaq
ADES,nasdaq
DSACW,nasdaq
PBFS,nasdaq
MSON,nasdaq
BCOW,nasdaq
HHR,nasdaq
KOSS,nasdaq
SSNT,nasdaq
FRBK,nasdaq
DSEY,nasdaq
VII,nasdaq
ADI,nasdaq
PBHC,nasdaq
MSTR,nasdaq
CFV,nasdaq
BCPC,nasdaq
HIBB,nasdaq
SSP,nasdaq
FREE,nasdaq
KPTI,nasdaq
DSGN,nasdaq
VIIAU,nasdaq
ADIL,nasdaq
PBIP,nasdaq
MSVB,nasdaq
CFVI,nasdaq
HIFS,nasdaq
BCRX,nasdaq
FREEW,nasdaq
KRBP,nasdaq
VIIAW,nasdaq
DSGX,nasdaq
ADILW,nasdaq
MTAC,nasdaq
PBLA,nasdaq
CFVIU,nasdaq
HIHO,nasdaq
FREQ,nasdaq
VINC,nasdaq
KRKR,nasdaq
DSKE,nasdaq
ADMA,nasdaq
MTACU,nasdaq
CFVIW,nasdaq
PBPB,nasdaq
HIII,nasdaq
FRG,nasdaq
DSKEW,nasdaq
KRMD,nasdaq
ADMP,nasdaq
PBTS,nasdaq
CG,nasdaq
MTACW,nasdaq
FRGAP,nasdaq
KRNL,nasdaq
DSP,nasdaq
ADMS,nasdaq
RILYI,nasdaq
PBYI,nasdaq
CGABL,nasdaq
MTBC,nasdaq
FRGI,nasdaq
KRNLU,nasdaq
DSPG,nasdaq
RILYK,nasdaq
PCAR,nasdaq
CGBD,nasdaq
MTBCP,nasdaq
VINO,nasdaq
FRHC,nasdaq
KRNLW,nasdaq
DSWL,nasdaq
RILYL,nasdaq
CGC,nasdaq
PCB,nasdaq
ADN,nasdaq
MTC,nasdaq
HIIIU,nasdaq
VINP,nasdaq
SSPK,nasdaq
KRNT,nasdaq
DTEA,nasdaq
RILYM,nasdaq
CGEM,nasdaq
PCH,nasdaq
ADNWW,nasdaq
HIIIW,nasdaq
MTCH,nasdaq
VIOT,nasdaq
FRLN,nasdaq
KRNY,nasdaq
SSPKW,nasdaq
DTIL,nasdaq
ADOC,nasdaq
PCOM,nasdaq
HIMX,nasdaq
CGEN,nasdaq
MTCR,nasdaq
RILYN,nasdaq
VIR,nasdaq
FRME,nasdaq
DTOC,nasdaq
SSRM,nasdaq
KRON,nasdaq
ADOCR,nasdaq
PCRX,nasdaq
MTEM,nasdaq
RILYO,nasdaq
HJLI,nasdaq
VIRC,nasdaq
CGNT,nasdaq
BCTG,nasdaq
FROG,nasdaq
DTOCU,nasdaq
SSSS,nasdaq
KROS,nasdaq
ADOCW,nasdaq
PCSA,nasdaq
MTEX,nasdaq
RILYP,nasdaq
HJLIW,nasdaq
VIRI,nasdaq
CGNX,nasdaq
BCTX,nasdaq
FRON,nasdaq
DTOCW,nasdaq
SSTI,nasdaq
KRT,nasdaq
PCSB,nasdaq
ADP,nasdaq
MTLS,nasdaq
HLAH,nasdaq
RILYT,nasdaq
VIRT,nasdaq
BCTXW,nasdaq
CGO,nasdaq
FRONU,nasdaq
DTSS,nasdaq
KRTX,nasdaq
SSYS,nasdaq
PCT,nasdaq
ADPT,nasdaq
MTP,nasdaq
HLAHU,nasdaq
VIRX,nasdaq
RIOT,nasdaq
CGRN,nasdaq
BCYC,nasdaq
FRONW,nasdaq
DTST,nasdaq
KRUS,nasdaq
PCTI,nasdaq
STAA,nasdaq
HLAHW,nasdaq
ADSK,nasdaq
MTRX,nasdaq
VISL,nasdaq
BCYP,nasdaq
CHCI,nasdaq
FRPH,nasdaq
DTSTW,nasdaq
KRYS,nasdaq
PCTTU,nasdaq
STAF,nasdaq
HLG,nasdaq
MTSI,nasdaq
BCYPU,nasdaq
VITL,nasdaq
CHCO,nasdaq
FRPT,nasdaq
DUNE,nasdaq
STAY,nasdaq
PCTTW,nasdaq
HLIO,nasdaq
CHDN,nasdaq
FRSG,nasdaq
DUNEU,nasdaq
PCTY,nasdaq
STBA,nasdaq
HLIT,nasdaq
FRSGU,nasdaq
DUNEW,nasdaq
ADTN,nasdaq
STCN,nasdaq
VIVE,nasdaq
PCVX,nasdaq
CHEF,nasdaq
HLNE,nasdaq
FRSGW,nasdaq
RIVE,nasdaq
DUO,nasdaq
BCYPW,nasdaq
ADTX,nasdaq
VIVO,nasdaq
PCYG,nasdaq
STEP,nasdaq
CHEK,nasdaq
HLXA,nasdaq
FRST,nasdaq
RKDA,nasdaq
DUOT,nasdaq
STFC,nasdaq
BDSI,nasdaq
ADUS,nasdaq
VJET,nasdaq
PCYO,nasdaq
HMCO,nasdaq
FRSX,nasdaq
RLAY,nasdaq
DVAX,nasdaq
STIM,nasdaq
BDSX,nasdaq
VKTX,nasdaq
ADV,nasdaq
PDCE,nasdaq
HMCOU,nasdaq
RLMD,nasdaq
DWSN,nasdaq
VLATU,nasdaq
BDTX,nasdaq
ADVM,nasdaq
HMCOW,nasdaq
STKL,nasdaq
PDCO,nasdaq
RMBI,nasdaq
VLDR,nasdaq
BEAM,nasdaq
HMHC,nasdaq
ADVWW,nasdaq
PDD,nasdaq
STKS,nasdaq
RMBL,nasdaq
KSI,nasdaq
VLDRW,nasdaq
BECN,nasdaq
HMNF,nasdaq
ADXN,nasdaq
FRTA,nasdaq
STLD,nasdaq
DXCM,nasdaq
RMBS,nasdaq
MTSL,nasdaq
VLGEA,nasdaq
BEEM,nasdaq
HMPT,nasdaq
PDEX,nasdaq
DXPE,nasdaq
RMCF,nasdaq
FRW,nasdaq
ADXS,nasdaq
MU,nasdaq
VLON,nasdaq
BEEMW,nasdaq
HMST,nasdaq
PDFS,nasdaq
DXYN,nasdaq
AEAC,nasdaq
FRWAU,nasdaq
MUDS,nasdaq
VLY,nasdaq
HMTV,nasdaq
BELFA,nasdaq
PDLB,nasdaq
DYAI,nasdaq
AEACU,nasdaq
FRWAW,nasdaq
CHEKZ,nasdaq
MUDSU,nasdaq
HNNA,nasdaq
VLYPO,nasdaq
BELFB,nasdaq
PDSB,nasdaq
DYN,nasdaq
STMP,nasdaq
AEACW,nasdaq
MUDSW,nasdaq
CHI,nasdaq
HNRG,nasdaq
BENE,nasdaq
VLYPP,nasdaq
CHK,nasdaq
HNST,nasdaq
BENER,nasdaq
CHKEL,nasdaq
RMGB,nasdaq
BENEU,nasdaq
VMAC,nasdaq
PEBK,nasdaq
FSBC,nasdaq
HOFT,nasdaq
MVBF,nasdaq
AEHL,nasdaq
RMGBU,nasdaq
KSICU,nasdaq
VMACU,nasdaq
FSBW,nasdaq
STND,nasdaq
CHKEW,nasdaq
BENEW,nasdaq
HOFV,nasdaq
MVIS,nasdaq
DYNT,nasdaq
AEHR,nasdaq
FSEA,nasdaq
STNE,nasdaq
BFC,nasdaq
MXIM,nasdaq
DZSI,nasdaq
AEI,nasdaq
FSFG,nasdaq
STOK,nasdaq
MYFW,nasdaq
EA,nasdaq
STRA,nasdaq
PEBO,nasdaq
MYGN,nasdaq
EAC,nasdaq
AEIS,nasdaq
STRL,nasdaq
HOFVW,nasdaq
PEGA,nasdaq
BFI,nasdaq
RMGBW,nasdaq
MYMD,nasdaq
CHKEZ,nasdaq
EACPU,nasdaq
AEMD,nasdaq
STRM,nasdaq
BFIIW,nasdaq
RMGC,nasdaq
PENN,nasdaq
VMACW,nasdaq
MYRG,nasdaq
CHKP,nasdaq
EACPW,nasdaq
AEP,nasdaq
RMGCU,nasdaq
STRO,nasdaq
BFIN,nasdaq
PEP,nasdaq
VMAR,nasdaq
MYSZ,nasdaq
HOL,nasdaq
CHMA,nasdaq
EAR,nasdaq
RMGCW,nasdaq
BFRA,nasdaq
STRR,nasdaq
PERI,nasdaq
VMD,nasdaq
FSII,nasdaq
HOLI,nasdaq
CHMG,nasdaq
EARS,nasdaq
RMNI,nasdaq
BFST,nasdaq
STRRP,nasdaq
PESI,nasdaq
CHNG,nasdaq
FSLR,nasdaq
EAST,nasdaq
RMR,nasdaq
BGCP,nasdaq
STRS,nasdaq
PETQ,nasdaq
CHNGU,nasdaq
EBAC,nasdaq
KSICW,nasdaq
HOLUU,nasdaq
RMRM,nasdaq
AEPPL,nasdaq
BGFV,nasdaq
STRT,nasdaq
PETS,nasdaq
CHNR,nasdaq
EBACU,nasdaq
KSMT,nasdaq
RMTI,nasdaq
BGNE,nasdaq
AEPPZ,nasdaq
PETZ,nasdaq
STSA,nasdaq
CHPM,nasdaq
KSMTU,nasdaq
EBACW,nasdaq
AERI,nasdaq
RNA,nasdaq
BHAT,nasdaq
PFBC,nasdaq
STTK,nasdaq
FSRV,nasdaq
CHPMW,nasdaq
EBAY,nasdaq
RNDB,nasdaq
AESE,nasdaq
BHF,nasdaq
PFBI,nasdaq
STWO,nasdaq
CHRS,nasdaq
EBC,nasdaq
RNLX,nasdaq
AEY,nasdaq
BHFAL,nasdaq
PFC,nasdaq
STWOU,nasdaq
CHRW,nasdaq
EBET,nasdaq
AEYE,nasdaq
RNST,nasdaq
BHFAN,nasdaq
MYT,nasdaq
PFDR,nasdaq
HOLUW,nasdaq
CHSCL,nasdaq
KSMTW,nasdaq
EBIX,nasdaq
RNWK,nasdaq
AEZS,nasdaq
BHFAO,nasdaq
NAAC,nasdaq
PFDRU,nasdaq
FSRVU,nasdaq
HOLX,nasdaq
CHSCM,nasdaq
KSPN,nasdaq
EBMT,nasdaq
ROAD,nasdaq
AFAQU,nasdaq
BHFAP,nasdaq
NAACU,nasdaq
PFDRW,nasdaq
HOMB,nasdaq
CHSCN,nasdaq
KTCC,nasdaq
AFAQW,nasdaq
ROCC,nasdaq
EBON,nasdaq
BHSE,nasdaq
NAACW,nasdaq
PFG,nasdaq
HON,nasdaq
CHSCO,nasdaq
KTOS,nasdaq
EBSB,nasdaq
BHSEU,nasdaq
VMEOV,nasdaq
NAII,nasdaq
PFHD,nasdaq
HONE,nasdaq
CHSCP,nasdaq
STWOW,nasdaq
EBTC,nasdaq
BHSEW,nasdaq
VNDA,nasdaq
NAKD,nasdaq
PFIE,nasdaq
HOOK,nasdaq
STX,nasdaq
ECHO,nasdaq
NAOV,nasdaq
VNET,nasdaq
HOPE,nasdaq
AFBI,nasdaq
VNOM,nasdaq
NARI,nasdaq
CHTR,nasdaq
STXB,nasdaq
HOTH,nasdaq
AFCG,nasdaq
VOD,nasdaq
CHUY,nasdaq
SUMO,nasdaq
NATH,nasdaq
FSRVW,nasdaq
HOVNP,nasdaq
PFIN,nasdaq
ROCCU,nasdaq
VOR,nasdaq
NATI,nasdaq
KTRA,nasdaq
SUMR,nasdaq
FSRX,nasdaq
CHW,nasdaq
ECOL,nasdaq
HOWL,nasdaq
PFIS,nasdaq
BHTG,nasdaq
KURA,nasdaq
SUNS,nasdaq
NATR,nasdaq
CHX,nasdaq
HPK,nasdaq
PFLT,nasdaq
BIDU,nasdaq
KURI,nasdaq
SUNW,nasdaq
NAVI,nasdaq
CHY,nasdaq
AFIB,nasdaq
PFMT,nasdaq
BIGC,nasdaq
KURIU,nasdaq
SUPN,nasdaq
NBEV,nasdaq
AFIN,nasdaq
FSRXU,nasdaq
CIDM,nasdaq
KURIW,nasdaq
HPKEW,nasdaq
BIIB,nasdaq
SURF,nasdaq
NBIX,nasdaq
ECOR,nasdaq
AFINO,nasdaq
ROCCW,nasdaq
FSRXW,nasdaq
PFPT,nasdaq
CIGI,nasdaq
HQI,nasdaq
SV,nasdaq
BILI,nasdaq
ECPG,nasdaq
NBN,nasdaq
AFINP,nasdaq
ROCK,nasdaq
KVHI,nasdaq
PFSW,nasdaq
VOSO,nasdaq
CIH,nasdaq
HQY,nasdaq
BIMI,nasdaq
NBRV,nasdaq
EDAP,nasdaq
ROCR,nasdaq
AFMD,nasdaq
KVSA,nasdaq
PFX,nasdaq
CINF,nasdaq
HRMY,nasdaq
BIOC,nasdaq
NBSE,nasdaq
KVSB,nasdaq
AFRM,nasdaq
EDIT,nasdaq
PFXNL,nasdaq
SVAC,nasdaq
FSSI,nasdaq
CIVB,nasdaq
HROW,nasdaq
BIOL,nasdaq
NBST,nasdaq
KVSC,nasdaq
AFYA,nasdaq
EDRY,nasdaq
PGC,nasdaq
ROCRU,nasdaq
CIZN,nasdaq
HROWL,nasdaq
BIOT,nasdaq
KXIN,nasdaq
NBSTU,nasdaq
EDSA,nasdaq
AGBA,nasdaq
FSSIU,nasdaq
PGEN,nasdaq
ROCRW,nasdaq
CJJD,nasdaq
HRTX,nasdaq
BIOTU,nasdaq
KYMR,nasdaq
AGBAR,nasdaq
FSSIW,nasdaq
NBSTW,nasdaq
EDTK,nasdaq
SVACU,nasdaq
ROIC,nasdaq
PGNY,nasdaq
CKPT,nasdaq
HRZN,nasdaq
BIOTW,nasdaq
VOSOU,nasdaq
KZIA,nasdaq
AGBAW,nasdaq
FSTR,nasdaq
EDTX,nasdaq
NBTB,nasdaq
ROKU,nasdaq
HSAQ,nasdaq
BIOX,nasdaq
CLAR,nasdaq
FSTX,nasdaq
EDTXU,nasdaq
KZR,nasdaq
NBTX,nasdaq
ROLL,nasdaq
HSDT,nasdaq
BIVI,nasdaq
FSV,nasdaq
LABP,nasdaq
AGC,nasdaq
ROOT,nasdaq
EDTXW,nasdaq
FTAA,nasdaq
HSIC,nasdaq
LACQ,nasdaq
ROST,nasdaq
EDUC,nasdaq
HSII,nasdaq
LACQW,nasdaq
RPAY,nasdaq
BJRI,nasdaq
EEFT,nasdaq
CLBK,nasdaq
AGCUU,nasdaq
HSKA,nasdaq
FTAAU,nasdaq
BKCC,nasdaq
EEIQ,nasdaq
CLBS,nasdaq
LAKE,nasdaq
NCBS,nasdaq
RPD,nasdaq
HSON,nasdaq
FTAAW,nasdaq
BKEP,nasdaq
EFOI,nasdaq
CLDB,nasdaq
LAMR,nasdaq
RPHM,nasdaq
VOSOW,nasdaq
HST,nasdaq
NCMI,nasdaq
FTCI,nasdaq
BKEPP,nasdaq
EFSC,nasdaq
CLDX,nasdaq
LANC,nasdaq
RPRX,nasdaq
VOXX,nasdaq
NCNA,nasdaq
FTCV,nasdaq
HSTM,nasdaq
BKNG,nasdaq
EGAN,nasdaq
CLEU,nasdaq
LAND,nasdaq
RPTX,nasdaq
VPCB,nasdaq
NCNO,nasdaq
SVACW,nasdaq
FTCVU,nasdaq
HSTO,nasdaq
BKSC,nasdaq
EGBN,nasdaq
CLFD,nasdaq
PGRW,nasdaq
LANDM,nasdaq
RRBI,nasdaq
VPCBU,nasdaq
NCSM,nasdaq
SVBI,nasdaq
FTCVW,nasdaq
AGCWW,nasdaq
HTBI,nasdaq
BKYI,nasdaq
EGLE,nasdaq
LANDO,nasdaq
CLGN,nasdaq
RRGB,nasdaq
SVC,nasdaq
VPCBW,nasdaq
NCTY,nasdaq
FTDR,nasdaq
AGEN,nasdaq
HTBK,nasdaq
BL,nasdaq
EGLX,nasdaq
CLIR,nasdaq
LARK,nasdaq
SVFA,nasdaq
RRR,nasdaq
VRA,nasdaq
NDAC,nasdaq
AGFS,nasdaq
FTEK,nasdaq
HTBX,nasdaq
BLBD,nasdaq
EGRX,nasdaq
CLLS,nasdaq
LASR,nasdaq
SVFAU,nasdaq
VRAY,nasdaq
RSSS,nasdaq
NDACU,nasdaq
FTFT,nasdaq
AGFY,nasdaq
HTGM,nasdaq
BLCM,nasdaq
EH,nasdaq
CLMT,nasdaq
SVFAW,nasdaq
VRCA,nasdaq
NDACW,nasdaq
FTHM,nasdaq
HTHT,nasdaq
BLCT,nasdaq
EHTH,nasdaq
CLNE,nasdaq
SVFB,nasdaq
VRDN,nasdaq
NDAQ,nasdaq
FTIV,nasdaq
BLDE,nasdaq
EIGR,nasdaq
CLNN,nasdaq
SVFC,nasdaq
VREX,nasdaq
FTIVU,nasdaq
NDLS,nasdaq
BLDEW,nasdaq
EJFA,nasdaq
CLNNW,nasdaq
SVFD,nasdaq
VRM,nasdaq
NDRA,nasdaq
BLDP,nasdaq
CLOV,nasdaq
VRME,nasdaq
PGRWU,nasdaq
NDRAW,nasdaq
RSVA,nasdaq
BLDR,nasdaq
VRMEW,nasdaq
NDSN,nasdaq
BLFS,nasdaq
LATN,nasdaq
VRNA,nasdaq
EJFAU,nasdaq
BLI,nasdaq
SVMK,nasdaq
VRNS,nasdaq
EJFAW,nasdaq
BLIN,nasdaq
CLOVW,nasdaq
FTIVW,nasdaq
AGGR,nasdaq
VRNT,nasdaq
EJH,nasdaq
CLPS,nasdaq
FTNT,nasdaq
BLKB,nasdaq
HTIA,nasdaq
SVOK,nasdaq
VRPX,nasdaq
FTOC,nasdaq
EKSO,nasdaq
CLPT,nasdaq
BLMN,nasdaq
HTLD,nasdaq
RSVAU,nasdaq
VRRM,nasdaq
FTOCU,nasdaq
ELDN,nasdaq
NEBC,nasdaq
CLRB,nasdaq
BLNK,nasdaq
HTLF,nasdaq
VRSK,nasdaq
NEBCU,nasdaq
ELOX,nasdaq
CLRM,nasdaq
BLNKW,nasdaq
HTLFP,nasdaq
PGRWW,nasdaq
CLRMU,nasdaq
VRSN,nasdaq
ELSE,nasdaq
BLPH,nasdaq
LATNW,nasdaq
HTOO,nasdaq
CLRMW,nasdaq
PHAR,nasdaq
VRTS,nasdaq
ELTK,nasdaq
BLRX,nasdaq
HTOOW,nasdaq
LAUR,nasdaq
FTOCW,nasdaq
PHAS,nasdaq
CLRO,nasdaq
BLSA,nasdaq
SVOKU,nasdaq
ELYS,nasdaq
HUBG,nasdaq
LAWS,nasdaq
VRTX,nasdaq
FTPA,nasdaq
PHAT,nasdaq
BLTS,nasdaq
CLSD,nasdaq
EM,nasdaq
HUDI,nasdaq
LAZR,nasdaq
VS,nasdaq
FTPAU,nasdaq
PHCF,nasdaq
BLTSU,nasdaq
CLSK,nasdaq
EMCF,nasdaq
AGGRU,nasdaq
HUGE,nasdaq
LAZY,nasdaq
NEBCW,nasdaq
VSAT,nasdaq
SVOKW,nasdaq
PHIC,nasdaq
FTPAW,nasdaq
BLTSW,nasdaq
EMKR,nasdaq
CLSN,nasdaq
HUIZ,nasdaq
LBAI,nasdaq
NEGG,nasdaq
SVRA,nasdaq
VSEC,nasdaq
PHICU,nasdaq
FULC,nasdaq
RSVAW,nasdaq
BLU,nasdaq
CLVR,nasdaq
EML,nasdaq
LBC,nasdaq
HURC,nasdaq
NEO,nasdaq
SVSVU,nasdaq
VSSYW,nasdaq
PHICW,nasdaq
RTLR,nasdaq
FULT,nasdaq
BLUE,nasdaq
CLVRW,nasdaq
ENDP,nasdaq
LBPH,nasdaq
HURN,nasdaq
NEOG,nasdaq
VSTA,nasdaq
PHIO,nasdaq
RTPY,nasdaq
FULTP,nasdaq
CLVS,nasdaq
HUSN,nasdaq
LBPS,nasdaq
NEON,nasdaq
RTPYU,nasdaq
VSTM,nasdaq
PHIOW,nasdaq
FUNC,nasdaq
CLWT,nasdaq
HVBC,nasdaq
NEPH,nasdaq
ENFA,nasdaq
FUND,nasdaq
VTAQ,nasdaq
PHUN,nasdaq
CLXT,nasdaq
HWBK,nasdaq
NEPT,nasdaq
SVSVW,nasdaq
VTAQR,nasdaq
FUSB,nasdaq
PHUNW,nasdaq
CMBM,nasdaq
BLUW,nasdaq
HWC,nasdaq
NERV,nasdaq
SVVC,nasdaq
VTAQU,nasdaq
PHVS,nasdaq
FUSN,nasdaq
CMCO,nasdaq
ENFAU,nasdaq
HWCC,nasdaq
NESR,nasdaq
SWAV,nasdaq
VTAQW,nasdaq
AGGRW,nasdaq
PI,nasdaq
FUTU,nasdaq
CMCSA,nasdaq
NESRW,nasdaq
SWBI,nasdaq
VTGN,nasdaq
AGIO,nasdaq
PINC,nasdaq
FUV,nasdaq
CMCT,nasdaq
SWET,nasdaq
NETE,nasdaq
ENFAW,nasdaq
VTIQ,nasdaq
AGLE,nasdaq
PIRS,nasdaq
FVAM,nasdaq
BLUWU,nasdaq
CME,nasdaq
SWETU,nasdaq
VTIQU,nasdaq
AGMH,nasdaq
NEWA,nasdaq
ENG,nasdaq
PIXY,nasdaq
FVCB,nasdaq
VTIQW,nasdaq
SWETW,nasdaq
AGNC,nasdaq
ENLV,nasdaq
NEWT,nasdaq
PKBK,nasdaq
FVE,nasdaq
LBPSW,nasdaq
RTPYW,nasdaq
SWIM,nasdaq
VTNR,nasdaq
AGNCM,nasdaq
NEWTL,nasdaq
PKOH,nasdaq
LBRDA,nasdaq
RUBY,nasdaq
VTRS,nasdaq
AGNCN,nasdaq
NEWTZ,nasdaq
PLAB,nasdaq
BLUWW,nasdaq
LBRDK,nasdaq
RUN,nasdaq
VTRU,nasdaq
AGNCO,nasdaq
NEXI,nasdaq
PLAY,nasdaq
BMBL,nasdaq
LBRDP,nasdaq
RUSHA,nasdaq
VTSI,nasdaq
AGNCP,nasdaq
NEXT,nasdaq
PLBC,nasdaq
BMEA,nasdaq
LBTYA,nasdaq
RUSHB,nasdaq
VTVT,nasdaq
AGRX,nasdaq
NFBK,nasdaq
PLBY,nasdaq
BMRA,nasdaq
ENNV,nasdaq
LBTYB,nasdaq
FWAA,nasdaq
RUTH,nasdaq
AGTC,nasdaq
VUZI,nasdaq
NFE,nasdaq
BMRC,nasdaq
PLCE,nasdaq
FWONA,nasdaq
RVMD,nasdaq
LBTYK,nasdaq
AGYS,nasdaq
VVOS,nasdaq
HWCPL,nasdaq
NFLX,nasdaq
CMII,nasdaq
BMRN,nasdaq
PLIN,nasdaq
RVNC,nasdaq
FWONK,nasdaq
AHAC,nasdaq
LCA,nasdaq
VVPR,nasdaq
HWCPZ,nasdaq
BMTC,nasdaq
PLL,nasdaq
AHACU,nasdaq
FWP,nasdaq
RVPH,nasdaq
VWTR,nasdaq
LCAA,nasdaq
SWIR,nasdaq
BNFT,nasdaq
PLMI,nasdaq
HWKN,nasdaq
LCAAU,nasdaq
FWRD,nasdaq
RVPHW,nasdaq
VXRT,nasdaq
SWKH,nasdaq
PLMIU,nasdaq
BNGO,nasdaq
LCAAW,nasdaq
HX,nasdaq
RVSB,nasdaq
ENNVU,nasdaq
FXNC,nasdaq
VYGR,nasdaq
SWKS,nasdaq
PLMIW,nasdaq
BNGOW,nasdaq
LCAHU,nasdaq
HYAC,nasdaq
RWLK,nasdaq
FYBR,nasdaq
VYNE,nasdaq
SWTX,nasdaq
PLMR,nasdaq
BNR,nasdaq
LCAHW,nasdaq
HYACU,nasdaq
RXDX,nasdaq
VYNT,nasdaq
GABC,nasdaq
SXTC,nasdaq
BNSO,nasdaq
LCAP,nasdaq
PLPC,nasdaq
HYACW,nasdaq
RXRA,nasdaq
WABC,nasdaq
GAIA,nasdaq
LCAPU,nasdaq
SY,nasdaq
BNTC,nasdaq
PLRX,nasdaq
HYFM,nasdaq
RXRAU,nasdaq
WAFD,nasdaq
GAIN,nasdaq
LCAPW,nasdaq
BNTX,nasdaq
SYBT,nasdaq
PLSE,nasdaq
RXRAW,nasdaq
HYMC,nasdaq
CMIIU,nasdaq
NGAC,nasdaq
WAFDP,nasdaq
GAINL,nasdaq
LCNB,nasdaq
PLTK,nasdaq
ENNVW,nasdaq
BOCH,nasdaq
RXRX,nasdaq
HYMCL,nasdaq
SYBX,nasdaq
GAINN,nasdaq
WAFU,nasdaq
LCUT,nasdaq
PLUG,nasdaq
RXT,nasdaq
ENOB,nasdaq
BOKF,nasdaq
HYMCW,nasdaq
SYKE,nasdaq
GALT,nasdaq
WALDU,nasdaq
LCY,nasdaq
BOKFL,nasdaq
PLUS,nasdaq
ENPH,nasdaq
RYAAY,nasdaq
HYMCZ,nasdaq
SYNA,nasdaq
LCYAU,nasdaq
GAMC,nasdaq
WALDW,nasdaq
ENSG,nasdaq
BOLT,nasdaq
HYRE,nasdaq
PLXP,nasdaq
RYTM,nasdaq
SYNH,nasdaq
AHACW,nasdaq
GAMCU,nasdaq
WASH,nasdaq
BOMN,nasdaq
ENTA,nasdaq
HYW,nasdaq
PLXS,nasdaq
RZLT,nasdaq
SYNL,nasdaq
AHCO,nasdaq
GAN,nasdaq
WATT,nasdaq
HZNP,nasdaq
BOOM,nasdaq
ENTG,nasdaq
PLYA,nasdaq
SABR,nasdaq
SYPR,nasdaq
AHPI,nasdaq
GANX,nasdaq
IAC,nasdaq
WB,nasdaq
ENTX,nasdaq
BOSC,nasdaq
SABRP,nasdaq
PMBC,nasdaq
SYRS,nasdaq
LCYAW,nasdaq
AIH,nasdaq
GASS,nasdaq
IART,nasdaq
WBA,nasdaq
ENTXW,nasdaq
SAFM,nasdaq
BOTJ,nasdaq
PMD,nasdaq
AIHS,nasdaq
SYTA,nasdaq
CMIIW,nasdaq
NGACU,nasdaq
GBCI,nasdaq
WDAY,nasdaq
ENVB,nasdaq
IBCP,nasdaq
BOWX,nasdaq
SAFT,nasdaq
PME,nasdaq
AIKI,nasdaq
SYTAW,nasdaq
GBDC,nasdaq
WDC,nasdaq
BOWXU,nasdaq
IBEX,nasdaq
SAGE,nasdaq
PMGM,nasdaq
TA,nasdaq
AIMC,nasdaq
GBIO,nasdaq
CMLF,nasdaq
WDFC,nasdaq
IBKR,nasdaq
SAIA,nasdaq
PMGMU,nasdaq
ENVI,nasdaq
TACO,nasdaq
AINV,nasdaq
GBLI,nasdaq
PMGMW,nasdaq
WEN,nasdaq
IBOC,nasdaq
TACT,nasdaq
AIRG,nasdaq
GBLIL,nasdaq
IBRX,nasdaq
WERN,nasdaq
PMVP,nasdaq
CMLFU,nasdaq
SAII,nasdaq
GBNH,nasdaq
AIRT,nasdaq
ENVIU,nasdaq
IBTX,nasdaq
TAIT,nasdaq
PNBK,nasdaq
BOWXW,nasdaq
WETF,nasdaq
GBNY,nasdaq
AIRTP,nasdaq
TALS,nasdaq
ICAD,nasdaq
PNFP,nasdaq
BOXL,nasdaq
WEYS,nasdaq
GBOX,nasdaq
AIRTW,nasdaq
TANH,nasdaq
ICBK,nasdaq
PNFPP,nasdaq
SAIIU,nasdaq
LDHA,nasdaq
BPFH,nasdaq
ENVIW,nasdaq
GBRG,nasdaq
WFCF,nasdaq
AKAM,nasdaq
TANNI,nasdaq
PNNT,nasdaq
ICCC,nasdaq
BPMC,nasdaq
EOLS,nasdaq
GBRGR,nasdaq
WHF,nasdaq
AKBA,nasdaq
TANNL,nasdaq
PNNTG,nasdaq
ICCH,nasdaq
BPOP,nasdaq
EOSE,nasdaq
GBRGU,nasdaq
WHFBZ,nasdaq
AKIC,nasdaq
TANNZ,nasdaq
PNRG,nasdaq
ICFI,nasdaq
BPOPM,nasdaq
GBRGW,nasdaq
EOSEW,nasdaq
WHLM,nasdaq
AKICU,nasdaq
TAOP,nasdaq
SAIIW,nasdaq
PNTG,nasdaq
ICHR,nasdaq
NGACW,nasdaq
GBS,nasdaq
EPAY,nasdaq
BPOPN,nasdaq
AKICW,nasdaq
WHLR,nasdaq
TARA,nasdaq
SAL,nasdaq
POAI,nasdaq
ICLK,nasdaq
GBT,nasdaq
EPHY,nasdaq
BPRN,nasdaq
AKRO,nasdaq
WHLRD,nasdaq
CMLFW,nasdaq
TARS,nasdaq
SALM,nasdaq
PODD,nasdaq
GCAC,nasdaq
EPHYU,nasdaq
ICLR,nasdaq
BPTH,nasdaq
AKTS,nasdaq
WHLRP,nasdaq
TAST,nasdaq
CMLS,nasdaq
SAMG,nasdaq
GCACU,nasdaq
EPHYW,nasdaq
ICMB,nasdaq
POLA,nasdaq
BPTS,nasdaq
AKTX,nasdaq
TATT,nasdaq
SANA,nasdaq
GCACW,nasdaq
EPIX,nasdaq
POOL,nasdaq
BPY,nasdaq
ICON,nasdaq
LDHAU,nasdaq
AKU,nasdaq
SANM,nasdaq
TAYD,nasdaq
GCBC,nasdaq
EPSN,nasdaq
POSH,nasdaq
BPYPN,nasdaq
ICPT,nasdaq
AKUS,nasdaq
GCMG,nasdaq
EPZM,nasdaq
TBBK,nasdaq
POW,nasdaq
SANW,nasdaq
BPYPO,nasdaq
WIFI,nasdaq
ICUI,nasdaq
AKYA,nasdaq
GCMGW,nasdaq
TBCP,nasdaq
POWI,nasdaq
BPYPP,nasdaq
SASR,nasdaq
NGCA,nasdaq
IDBA,nasdaq
WILC,nasdaq
ALAC,nasdaq
GDEN,nasdaq
TBCPU,nasdaq
POWL,nasdaq
BPYU,nasdaq
SATS,nasdaq
IDCC,nasdaq
WIMI,nasdaq
GDRX,nasdaq
TBCPW,nasdaq
BPYUP,nasdaq
SAVA,nasdaq
WINA,nasdaq
IDEX,nasdaq
EQ,nasdaq
ALACR,nasdaq
POWRU,nasdaq
GDS,nasdaq
TBIO,nasdaq
BREZ,nasdaq
SBAC,nasdaq
IDN,nasdaq
WING,nasdaq
ALACU,nasdaq
EQBK,nasdaq
POWRW,nasdaq
TBK,nasdaq
GDYN,nasdaq
BREZR,nasdaq
CMLTU,nasdaq
SBBP,nasdaq
IDRA,nasdaq
WINT,nasdaq
ALACW,nasdaq
EQIX,nasdaq
POWW,nasdaq
TBKCP,nasdaq
GDYNW,nasdaq
BREZW,nasdaq
CMMB,nasdaq
SBCF,nasdaq
IDXX,nasdaq
ALBO,nasdaq
WIRE,nasdaq
POWWP,nasdaq
TBLT,nasdaq
GECC,nasdaq
LDHAW,nasdaq
BRID,nasdaq
CMPI,nasdaq
SBEA,nasdaq
IDYA,nasdaq
ALCO,nasdaq
WISA,nasdaq
TBLTW,nasdaq
PPBI,nasdaq
LE,nasdaq
NGCAU,nasdaq
BRIVU,nasdaq
CMPR,nasdaq
IEA,nasdaq
SBEAU,nasdaq
ALDX,nasdaq
WISH,nasdaq
LECO,nasdaq
TBNK,nasdaq
PPBT,nasdaq
BRKL,nasdaq
CMPS,nasdaq
GECCL,nasdaq
IEAWW,nasdaq
SBEAW,nasdaq
WIX,nasdaq
ALEC,nasdaq
LEDS,nasdaq
TBPH,nasdaq
PPC,nasdaq
BRKR,nasdaq
GECCM,nasdaq
CMRX,nasdaq
WKEY,nasdaq
SBFG,nasdaq
ALF,nasdaq
LEE,nasdaq
PPD,nasdaq
BRKS,nasdaq
GECCN,nasdaq
CMTL,nasdaq
WKHS,nasdaq
ALFIW,nasdaq
SBGI,nasdaq
LEGAU,nasdaq
PPGH,nasdaq
BRLI,nasdaq
GEG,nasdaq
CNBKA,nasdaq
ALGM,nasdaq
WLDN,nasdaq
SBLK,nasdaq
BRLIR,nasdaq
PPGHU,nasdaq
GENC,nasdaq
LEGAW,nasdaq
CNCE,nasdaq
IEC,nasdaq
SBLKZ,nasdaq
ALGN,nasdaq
WLFC,nasdaq
BRLIW,nasdaq
PPGHW,nasdaq
EQOS,nasdaq
GENE,nasdaq
LEGH,nasdaq
CNDT,nasdaq
IEP,nasdaq
ALGS,nasdaq
SBNY,nasdaq
WLTW,nasdaq
BROG,nasdaq
NGCAW,nasdaq
PPIH,nasdaq
ERES,nasdaq
GEOS,nasdaq
LEGN,nasdaq
CNET,nasdaq
IESC,nasdaq
SBNYP,nasdaq
WMG,nasdaq
ALGT,nasdaq
NGM,nasdaq
BROGW,nasdaq
ERESU,nasdaq
PPSI,nasdaq
GERN,nasdaq
CNEY,nasdaq
IFBD,nasdaq
SBRA,nasdaq
WMPN,nasdaq
ALHC,nasdaq
NGMS,nasdaq
BRP,nasdaq
ERESW,nasdaq
PPTA,nasdaq
GEVO,nasdaq
CNFR,nasdaq
IFMK,nasdaq
ALIM,nasdaq
SBSI,nasdaq
WNEB,nasdaq
ERIC,nasdaq
PRAA,nasdaq
NH,nasdaq
GFED,nasdaq
IFRX,nasdaq
TBSAU,nasdaq
SBT,nasdaq
ALJJ,nasdaq
WNW,nasdaq
CNFRL,nasdaq
NHIC,nasdaq
ERIE,nasdaq
IGAC,nasdaq
WOOF,nasdaq
SBTX,nasdaq
CNNB,nasdaq
ALKS,nasdaq
NHICU,nasdaq
IGACU,nasdaq
ERII,nasdaq
LEGO,nasdaq
WORX,nasdaq
BRPA,nasdaq
CNOB,nasdaq
SBUX,nasdaq
ALKT,nasdaq
NHICW,nasdaq
IGACW,nasdaq
ERYP,nasdaq
SCAQ,nasdaq
CNSL,nasdaq
WPRT,nasdaq
ALLK,nasdaq
NHTC,nasdaq
IGIC,nasdaq
PRAH,nasdaq
GFN,nasdaq
ESBK,nasdaq
SCAQU,nasdaq
CNSP,nasdaq
WRAP,nasdaq
ALLO,nasdaq
IGICW,nasdaq
NICE,nasdaq
GFNCP,nasdaq
PRAX,nasdaq
ESCA,nasdaq
SCAQW,nasdaq
CNST,nasdaq
WRLD,nasdaq
ALLT,nasdaq
NICK,nasdaq
PRCH,nasdaq
IGMS,nasdaq
SCHL,nasdaq
ESEA,nasdaq
CNTB,nasdaq
ALNA,nasdaq
WSBC,nasdaq
BRPAR,nasdaq
NISN,nasdaq
IGNY,nasdaq
PRDO,nasdaq
SCHN,nasdaq
CNTG,nasdaq
ESGR,nasdaq
ALNY,nasdaq
WSBCP,nasdaq
LEGOU,nasdaq
NIU,nasdaq
IGNYU,nasdaq
PRFT,nasdaq
SCKT,nasdaq
CNTY,nasdaq
ESGRO,nasdaq
ALOT,nasdaq
WSBF,nasdaq
TBSAW,nasdaq
NKLA,nasdaq
IGNYW,nasdaq
PRFX,nasdaq
SCLE,nasdaq
ALPN,nasdaq
CNXC,nasdaq
ESGRP,nasdaq
WSC,nasdaq
TC,nasdaq
IHRT,nasdaq
NKSH,nasdaq
PRGS,nasdaq
GFNSZ,nasdaq
SCLEU,nasdaq
ALRM,nasdaq
TCAC,nasdaq
ESLT,nasdaq
BRPAU,nasdaq
WSFS,nasdaq
III,nasdaq
NKTR,nasdaq
CNXN,nasdaq
PRIM,nasdaq
GGAL,nasdaq
SCLEW,nasdaq
ALRN,nasdaq
TCACU,nasdaq
ESPR,nasdaq
IIII,nasdaq
WSTG,nasdaq
COCP,nasdaq
PRLD,nasdaq
NKTX,nasdaq
GGMCU,nasdaq
SCOA,nasdaq
ALRS,nasdaq
TCACW,nasdaq
IIIIU,nasdaq
ESQ,nasdaq
WTBA,nasdaq
CODA,nasdaq
PROF,nasdaq
NLOK,nasdaq
GGPI,nasdaq
SCOAU,nasdaq
LEGOW,nasdaq
ALSK,nasdaq
IIIIW,nasdaq
TCBI,nasdaq
ESSA,nasdaq
WTER,nasdaq
PROG,nasdaq
CODX,nasdaq
NLSP,nasdaq
GGPIU,nasdaq
SCOAW,nasdaq
LESL,nasdaq
ALT,nasdaq
IIIV,nasdaq
TCBIL,nasdaq
ESSC,nasdaq
BRPAW,nasdaq
WTFC,nasdaq
PROV,nasdaq
NLSPW,nasdaq
GGPIW,nasdaq
COFS,nasdaq
SCOB,nasdaq
LEVL,nasdaq
ALTA,nasdaq
IIN,nasdaq
ESSCR,nasdaq
TCBIO,nasdaq
BRPM,nasdaq
WTFCM,nasdaq
PRPH,nasdaq
NLTX,nasdaq
GH,nasdaq
COGT,nasdaq
SCOBU,nasdaq
LEVLP,nasdaq
ESSCW,nasdaq
ALTM,nasdaq
IIVI,nasdaq
BRPMU,nasdaq
WTFCP,nasdaq
NMFC,nasdaq
GHAC,nasdaq
SCOBW,nasdaq
COHR,nasdaq
PRPL,nasdaq
LEXX,nasdaq
ESTA,nasdaq
IIVIP,nasdaq
ALTO,nasdaq
NMIH,nasdaq
GHACU,nasdaq
COHU,nasdaq
SCOR,nasdaq
PRPO,nasdaq
LEXXW,nasdaq
ESXB,nasdaq
IKNA,nasdaq
ALTR,nasdaq
GHACW,nasdaq
NMMC,nasdaq
SCPH,nasdaq
COIN,nasdaq
PRQR,nasdaq
LFMD,nasdaq
IKNX,nasdaq
ETAC,nasdaq
ALTU,nasdaq
TCBIP,nasdaq
GHSI,nasdaq
NMMCU,nasdaq
SCPL,nasdaq
PRSR,nasdaq
COKE,nasdaq
LFTR,nasdaq
ETACU,nasdaq
IKT,nasdaq
ALTUU,nasdaq
TCBK,nasdaq
BRPMW,nasdaq
NMMCW,nasdaq
PRSRU,nasdaq
SCPS,nasdaq
COLB,nasdaq
LFTRU,nasdaq
ILMN,nasdaq
ALTUW,nasdaq
TCDA,nasdaq
BRQS,nasdaq
PRSRW,nasdaq
NMRD,nasdaq
SCR,nasdaq
COLI,nasdaq
LFTRW,nasdaq
GHVI,nasdaq
ALVR,nasdaq
ILPT,nasdaq
BRY,nasdaq
NMRK,nasdaq
PRTA,nasdaq
SCSC,nasdaq
COLIU,nasdaq
LFUS,nasdaq
IMAB,nasdaq
ALXN,nasdaq
BSBK,nasdaq
NMTR,nasdaq
PRTC,nasdaq
COLIW,nasdaq
SCVL,nasdaq
LFVN,nasdaq
ETACW,nasdaq
IMAC,nasdaq
ALXO,nasdaq
GHVIU,nasdaq
BSET,nasdaq
NNBR,nasdaq
COLL,nasdaq
PRTG,nasdaq
SCWX,nasdaq
LGAC,nasdaq
WTRE,nasdaq
ETNB,nasdaq
ALYA,nasdaq
IMACW,nasdaq
BSGM,nasdaq
TCF,nasdaq
NNDM,nasdaq
COLM,nasdaq
SCYX,nasdaq
PRTH,nasdaq
WTREP,nasdaq
LGACU,nasdaq
ETON,nasdaq
AMAL,nasdaq
BSKYU,nasdaq
IMBI,nasdaq
NNOX,nasdaq
TCFC,nasdaq
COMM,nasdaq
SDAC,nasdaq
PRTK,nasdaq
WTRH,nasdaq
LGACW,nasdaq
ETSY,nasdaq
NOAC,nasdaq
SDACU,nasdaq
IMCC,nasdaq
PRTS,nasdaq
COMS,nasdaq
WVE,nasdaq
LGHL,nasdaq
ETTX,nasdaq
NOACU,nasdaq
SDACW,nasdaq
IMCR,nasdaq
COMSW,nasdaq
PRVA,nasdaq
WVFC,nasdaq
EUCR,nasdaq
LGHLW,nasdaq
NOACW,nasdaq
SDC,nasdaq
IMGN,nasdaq
PRVB,nasdaq
CONE,nasdaq
EUCRU,nasdaq
GHVIW,nasdaq
LGIH,nasdaq
WVVI,nasdaq
SDGR,nasdaq
IMKTA,nasdaq
NODK,nasdaq
TCFCP,nasdaq
CONN,nasdaq
LGND,nasdaq
GIFI,nasdaq
WVVIP,nasdaq
EUCRW,nasdaq
SDH,nasdaq
IMMP,nasdaq
NOTV,nasdaq
TCMD,nasdaq
CONX,nasdaq
GIG,nasdaq
LGO,nasdaq
WW,nasdaq
PSAC,nasdaq
SEAC,nasdaq
NOVN,nasdaq
IMMR,nasdaq
TCOM,nasdaq
CONXU,nasdaq
LGVN,nasdaq
GIGGU,nasdaq
WWD,nasdaq
IMNM,nasdaq
NOVT,nasdaq
TCON,nasdaq
CONXW,nasdaq
SECO,nasdaq
LHAA,nasdaq
GIGGW,nasdaq
WYNN,nasdaq
IMOS,nasdaq
PSACU,nasdaq
TCPC,nasdaq
COOL,nasdaq
NPCE,nasdaq
SEDG,nasdaq
LHCG,nasdaq
GIGM,nasdaq
AMAO,nasdaq
XAIR,nasdaq
IMPL,nasdaq
TCRR,nasdaq
NRAC,nasdaq
COOLU,nasdaq
SEED,nasdaq
LHDX,nasdaq
GIII,nasdaq
BSPE,nasdaq
XBIO,nasdaq
NRACU,nasdaq
IMRA,nasdaq
COOLW,nasdaq
SEEL,nasdaq
LI,nasdaq
GIIX,nasdaq
BSQR,nasdaq
XBIT,nasdaq
NRBO,nasdaq
IMRN,nasdaq
SEER,nasdaq
LIFE,nasdaq
COOP,nasdaq
GIIXU,nasdaq
EUSG,nasdaq
BSRR,nasdaq
XCUR,nasdaq
NRC,nasdaq
SEIC,nasdaq
LILA,nasdaq
GIIXW,nasdaq
BSVN,nasdaq
XEL,nasdaq
NRIM,nasdaq
LILAK,nasdaq
SELB,nasdaq
GILD,nasdaq
IMRNW,nasdaq
BSY,nasdaq
NRIX,nasdaq
XELA,nasdaq
SELF,nasdaq
GILT,nasdaq
LINC,nasdaq
IMTE,nasdaq
BTAI,nasdaq
NSEC,nasdaq
CORE,nasdaq
XELB,nasdaq
GIWWU,nasdaq
SENEA,nasdaq
LIND,nasdaq
IMTX,nasdaq
CORT,nasdaq
NSIT,nasdaq
XENE,nasdaq
GLAD,nasdaq
SENEB,nasdaq
LINK,nasdaq
IMTXW,nasdaq
PSACW,nasdaq
AMAOU,nasdaq
XENT,nasdaq
NSPR,nasdaq
COST,nasdaq
BTAQ,nasdaq
GLADL,nasdaq
SESN,nasdaq
PSAG,nasdaq
TCVA,nasdaq
LIQT,nasdaq
IMUX,nasdaq
COUP,nasdaq
XERS,nasdaq
NSSC,nasdaq
GLAQ,nasdaq
PSAGU,nasdaq
SFBC,nasdaq
IMV,nasdaq
LITE,nasdaq
TCX,nasdaq
EUSGU,nasdaq
COVA,nasdaq
XFOR,nasdaq
NSTG,nasdaq
GLAQU,nasdaq
PSAGW,nasdaq
IMVT,nasdaq
SFBS,nasdaq
TDAC,nasdaq
LIVE,nasdaq
BTAQU,nasdaq
COVAU,nasdaq
XGN,nasdaq
NSYS,nasdaq
SFET,nasdaq
PSEC,nasdaq
IMXI,nasdaq
LIVK,nasdaq
TDACU,nasdaq
COVAW,nasdaq
XLNX,nasdaq
NTAP,nasdaq
SFIX,nasdaq
PSHG,nasdaq
INBK,nasdaq
LIVKW,nasdaq
TDACW,nasdaq
COWN,nasdaq
XLRN,nasdaq
SFM,nasdaq
NTCT,nasdaq
LIVN,nasdaq
TDUP,nasdaq
PSMT,nasdaq
COWNL,nasdaq
XM,nasdaq
GLAQW,nasdaq
NTEC,nasdaq
SFNC,nasdaq
PSNL,nasdaq
LIVX,nasdaq
TEAM,nasdaq
INBKL,nasdaq
BTAQW,nasdaq
XNCR,nasdaq
GLBE,nasdaq
NTES,nasdaq
SFST,nasdaq
PSTI,nasdaq
LIXT,nasdaq
BTBT,nasdaq
TECH,nasdaq
INBKZ,nasdaq
XNET,nasdaq
GLBL,nasdaq
SFT,nasdaq
AMAOW,nasdaq
NTGR,nasdaq
PSTV,nasdaq
EUSGW,nasdaq
LIXTW,nasdaq
TECTP,nasdaq
INBX,nasdaq
XOG,nasdaq
GLBLU,nasdaq
SGA,nasdaq
AMAT,nasdaq
NTIC,nasdaq
PSTX,nasdaq
TEDU,nasdaq
LIZI,nasdaq
INCY,nasdaq
EVAX,nasdaq
XOMA,nasdaq
GLBLW,nasdaq
NTLA,nasdaq
AMBA,nasdaq
PT,nasdaq
TEKK,nasdaq
LJAQ,nasdaq
INDB,nasdaq
EVBG,nasdaq
XOMAO,nasdaq
GLBS,nasdaq
CPARU,nasdaq
NTNX,nasdaq
AMCX,nasdaq
PTC,nasdaq
TEKKU,nasdaq
LJAQU,nasdaq
INDT,nasdaq
EVER,nasdaq
XOMAP,nasdaq
GLBZ,nasdaq
CPHC,nasdaq
NTRA,nasdaq
AMD,nasdaq
TEKKW,nasdaq
PTCT,nasdaq
LJAQW,nasdaq
INFI,nasdaq
EVFM,nasdaq
GLDD,nasdaq
CPIX,nasdaq
BTNB,nasdaq
PTE,nasdaq
AMED,nasdaq
TELA,nasdaq
LJPC,nasdaq
NTRS,nasdaq
EVGN,nasdaq
INFN,nasdaq
GLG,nasdaq
CPLP,nasdaq
AMEH,nasdaq
PTEN,nasdaq
TELL,nasdaq
LKCO,nasdaq
SGAM,nasdaq
BTRS,nasdaq
NTRSO,nasdaq
EVK,nasdaq
GLHA,nasdaq
INGN,nasdaq
CPRT,nasdaq
AMGN,nasdaq
TENB,nasdaq
PTGX,nasdaq
LKFN,nasdaq
NTUS,nasdaq
EVLO,nasdaq
GLHAU,nasdaq
INKA,nasdaq
CPRX,nasdaq
AMHC,nasdaq
TENX,nasdaq
PTIC,nasdaq
LKQ,nasdaq
NTWK,nasdaq
EVOJ,nasdaq
GLHAW,nasdaq
INKAU,nasdaq
SGAMU,nasdaq
CPSH,nasdaq
AMHCU,nasdaq
PTICU,nasdaq
LLNW,nasdaq
TER,nasdaq
EVOJU,nasdaq
NUAN,nasdaq
GLMD,nasdaq
INKAW,nasdaq
CPSI,nasdaq
AMHCW,nasdaq
LMACA,nasdaq
PTICW,nasdaq
BTRSW,nasdaq
EVOJW,nasdaq
TERN,nasdaq
NURO,nasdaq
GLNG,nasdaq
INM,nasdaq
AMKR,nasdaq
CPSS,nasdaq
LMACU,nasdaq
PTIX,nasdaq
EVOK,nasdaq
TESS,nasdaq
NUVA,nasdaq
GLPG,nasdaq
INMB,nasdaq
CPTA,nasdaq
AMNB,nasdaq
LMACW,nasdaq
PTIXW,nasdaq
XONE,nasdaq
EVOL,nasdaq
TETC,nasdaq
NUWE,nasdaq
GLPI,nasdaq
SGAMW,nasdaq
INMD,nasdaq
CPTAG,nasdaq
LMAO,nasdaq
AMOT,nasdaq
XP,nasdaq
EVOP,nasdaq
TETCU,nasdaq
PTMN,nasdaq
NUZE,nasdaq
GLRE,nasdaq
SGBX,nasdaq
INNV,nasdaq
CPTAL,nasdaq
LMAOU,nasdaq
AMPG,nasdaq
TETCW,nasdaq
XPDI,nasdaq
EWBC,nasdaq
PTNR,nasdaq
NVAX,nasdaq
GLSI,nasdaq
SGC,nasdaq
LMAOW,nasdaq
INO,nasdaq
AMPGW,nasdaq
TFFP,nasdaq
XPDIU,nasdaq
PTOC,nasdaq
NVCN,nasdaq
EWTX,nasdaq
GLSPT,nasdaq
SGEN,nasdaq
LMAT,nasdaq
INOD,nasdaq
AMPH,nasdaq
XPDIW,nasdaq
TFSL,nasdaq
NVCR,nasdaq
PTOCU,nasdaq
CPZ,nasdaq
EXAS,nasdaq
GLSPU,nasdaq
SGH,nasdaq
INOV,nasdaq
LMB,nasdaq
AMRB,nasdaq
TGA,nasdaq
XPEL,nasdaq
EXC,nasdaq
NVDA,nasdaq
CRAI,nasdaq
PTOCW,nasdaq
INPX,nasdaq
SGLB,nasdaq
GLSPW,nasdaq
LMFA,nasdaq
AMRK,nasdaq
TGLS,nasdaq
XPER,nasdaq
CRBP,nasdaq
EXEL,nasdaq
PTON,nasdaq
NVEC,nasdaq
INSE,nasdaq
BTWN,nasdaq
SGLBW,nasdaq
GLTO,nasdaq
LMNL,nasdaq
AMRN,nasdaq
TGTX,nasdaq
XRAY,nasdaq
EXFO,nasdaq
NVEE,nasdaq
PTPI,nasdaq
CRCT,nasdaq
GLYC,nasdaq
LMNR,nasdaq
SGMA,nasdaq
INSG,nasdaq
AMRS,nasdaq
TH,nasdaq
PTRS,nasdaq
EXLS,nasdaq
XSPA,nasdaq
CRDF,nasdaq
NVFY,nasdaq
GMAB,nasdaq
LMNX,nasdaq
INSM,nasdaq
SGMO,nasdaq
AMSC,nasdaq
CREE,nasdaq
XTLB,nasdaq
PTSI,nasdaq
EXPD,nasdaq
NVIV,nasdaq
GMBL,nasdaq
LMPX,nasdaq
SGMS,nasdaq
INTC,nasdaq
AMSF,nasdaq
YELL,nasdaq
CREG,nasdaq
EXPE,nasdaq
NVMI,nasdaq
GMBLW,nasdaq
LMRK,nasdaq
SGOC,nasdaq
INTG,nasdaq
AMST,nasdaq
YGMZ,nasdaq
CRESY,nasdaq
EXPI,nasdaq
NVOS,nasdaq
GMBT,nasdaq
LMRKN,nasdaq
SGRP,nasdaq
INTU,nasdaq
AMSWA,nasdaq
YI,nasdaq
THBR,nasdaq
CREX,nasdaq
EXPO,nasdaq
NVSA,nasdaq
GMBTU,nasdaq
LMRKO,nasdaq
SGRY,nasdaq
INTZ,nasdaq
AMTB,nasdaq
YJ,nasdaq
NVSAU,nasdaq
PTVCA,nasdaq
CREXW,nasdaq
EXTR,nasdaq
GMBTW,nasdaq
LMRKP,nasdaq
SGTX,nasdaq
AMTBB,nasdaq
INVA,nasdaq
YMAB,nasdaq
EYE,nasdaq
CRIS,nasdaq
NVSAW,nasdaq
GMDA,nasdaq
LMST,nasdaq
SHAC,nasdaq
AMTI,nasdaq
INVE,nasdaq
BTWNU,nasdaq
EYEG,nasdaq
CRKN,nasdaq
NVVE,nasdaq
LNDC,nasdaq
SHACU,nasdaq
AMTX,nasdaq
INVO,nasdaq
EYEN,nasdaq
NVVEW,nasdaq
CRMD,nasdaq
LNSR,nasdaq
SHACW,nasdaq
AMWD,nasdaq
EYES,nasdaq
PTVCB,nasdaq
CRMT,nasdaq
INVZ,nasdaq
NWBI,nasdaq
LNT,nasdaq
SHBI,nasdaq
AMYT,nasdaq
EYESW,nasdaq
PTVE,nasdaq
INVZW,nasdaq
CRNC,nasdaq
LNTH,nasdaq
NWE,nasdaq
SHC,nasdaq
AMZN,nasdaq
EYPT,nasdaq
PUBM,nasdaq
INZY,nasdaq
CRNT,nasdaq
LOAN,nasdaq
NWFL,nasdaq
SHEN,nasdaq
ANAB,nasdaq
GMII,nasdaq
EZGO,nasdaq
PUCK,nasdaq
IONS,nasdaq
CRNX,nasdaq
LOB,nasdaq
NWL,nasdaq
SHIP,nasdaq
ANAT,nasdaq
EZPW,nasdaq
PUCKU,nasdaq
IOSP,nasdaq
CRON,nasdaq
LOCO,nasdaq
SHIPW,nasdaq
NWLI,nasdaq
ANDA,nasdaq
FAMI,nasdaq
PUCKW,nasdaq
IOVA,nasdaq
CROX,nasdaq
LOGC,nasdaq
SHIPZ,nasdaq
NWPX,nasdaq
YMTX,nasdaq
ANDAR,nasdaq
PULM,nasdaq
FANG,nasdaq
CRSA,nasdaq
IPA,nasdaq
LOGI,nasdaq
SHLS,nasdaq
THBRU,nasdaq
YNDX,nasdaq
NWS,nasdaq
ANDAU,nasdaq
BTWNW,nasdaq
PUYI,nasdaq
FANH,nasdaq
LOOP,nasdaq
IPAR,nasdaq
SHOO,nasdaq
YORW,nasdaq
ANDAW,nasdaq
CRSAU,nasdaq
BUSE,nasdaq
NWSA,nasdaq
PVAC,nasdaq
FARM,nasdaq
GMIIU,nasdaq
SHSP,nasdaq
LOPE,nasdaq
CRSAW,nasdaq
ANDE,nasdaq
IPDN,nasdaq
NXGN,nasdaq
BVS,nasdaq
YQ,nasdaq
PVBC,nasdaq
FARO,nasdaq
SHYF,nasdaq
LORL,nasdaq
ANEB,nasdaq
IPGP,nasdaq
CRSP,nasdaq
NXPI,nasdaq
BVXV,nasdaq
PWFL,nasdaq
FAST,nasdaq
LOTZ,nasdaq
SIBN,nasdaq
THBRW,nasdaq
ANGI,nasdaq
IPHA,nasdaq
CRSR,nasdaq
NXST,nasdaq
BWAC,nasdaq
PWOD,nasdaq
FAT,nasdaq
YSAC,nasdaq
THCA,nasdaq
LOTZW,nasdaq
SIC,nasdaq
IPLDP,nasdaq
ANGN,nasdaq
CRTD,nasdaq
NXTC,nasdaq
BWACU,nasdaq
PXLW,nasdaq
FATBP,nasdaq
THCAU,nasdaq
LOVE,nasdaq
SIEB,nasdaq
IPVI,nasdaq
ANGO,nasdaq
CRTDW,nasdaq
BWACW,nasdaq
NXTD,nasdaq
PXS,nasdaq
FATBW,nasdaq
SIEN,nasdaq
THCAW,nasdaq
LPCN,nasdaq
IPVIU,nasdaq
ANIK,nasdaq
YSACU,nasdaq
CRTO,nasdaq
GMIIW,nasdaq
BWAY,nasdaq
NYMT,nasdaq
PXSAP,nasdaq
FATE,nasdaq
THCB,nasdaq
SIFY,nasdaq
IPVIW,nasdaq
ANIP,nasdaq
CRTX,nasdaq
LPLA,nasdaq
BWB,nasdaq
NYMTM,nasdaq
PXSAW,nasdaq
SIGA,nasdaq
IPW,nasdaq
THCBU,nasdaq
ANIX,nasdaq
CRUS,nasdaq
LPRO,nasdaq
BWEN,nasdaq
NYMTN,nasdaq
PYPD,nasdaq
IPWR,nasdaq
SIGI,nasdaq
THCBW,nasdaq
ANNX,nasdaq
CRVL,nasdaq
FB,nasdaq
LPSN,nasdaq
BWFG,nasdaq
NYMTO,nasdaq
PYPL,nasdaq
IQ,nasdaq
SIGIP,nasdaq
THFF,nasdaq
ANPC,nasdaq
YSACW,nasdaq
CRVS,nasdaq
FBIO,nasdaq
LPTH,nasdaq
BWMN,nasdaq
NYMTP,nasdaq
PYR,nasdaq
IRBT,nasdaq
SILC,nasdaq
ANSS,nasdaq
YTEN,nasdaq
LPTX,nasdaq
FBIOP,nasdaq
NYMX,nasdaq
BWMX,nasdaq
CRWD,nasdaq
PZZA,nasdaq
IRCP,nasdaq
ANTE,nasdaq
YTRA,nasdaq
SILK,nasdaq
FBIZ,nasdaq
LQDA,nasdaq
BXRX,nasdaq
OAS,nasdaq
CRWS,nasdaq
QADA,nasdaq
IRDM,nasdaq
YVR,nasdaq
SIMO,nasdaq
LQDT,nasdaq
FBMS,nasdaq
OBAS,nasdaq
QADB,nasdaq
BYFC,nasdaq
ANY,nasdaq
CRZNU,nasdaq
IRIX,nasdaq
SINO,nasdaq
LRCX,nasdaq
OBCI,nasdaq
ANZU,nasdaq
CRZNW,nasdaq
YY,nasdaq
BYND,nasdaq
QCOM,nasdaq
FBNC,nasdaq
GMTX,nasdaq
IRMD,nasdaq
SINT,nasdaq
OBLG,nasdaq
ANZUU,nasdaq
Z,nasdaq
BYRN,nasdaq
CSBR,nasdaq
LRMR,nasdaq
QCRH,nasdaq
FBRX,nasdaq
THMA,nasdaq
GNAC,nasdaq
IROQ,nasdaq
SIOX,nasdaq
OBLN,nasdaq
ANZUW,nasdaq
BYSI,nasdaq
ZBRA,nasdaq
CSCO,nasdaq
QDEL,nasdaq
GNACU,nasdaq
IRTC,nasdaq
SIRI,nasdaq
OBNK,nasdaq
AOSL,nasdaq
BYTS,nasdaq
CSCW,nasdaq
ZCMD,nasdaq
QELL,nasdaq
GNACW,nasdaq
FCAC,nasdaq
IRWD,nasdaq
SITM,nasdaq
OBSV,nasdaq
BYTSU,nasdaq
AOUT,nasdaq
ZEAL,nasdaq
CSGP,nasdaq
QELLU,nasdaq
GNCA,nasdaq
ISBC,nasdaq
OCAX,nasdaq
BYTSW,nasdaq
SIVB,nasdaq
APA,nasdaq
ZEUS,nasdaq
CSGS,nasdaq
GNFT,nasdaq
ISEE,nasdaq
OCAXU,nasdaq
BZUN,nasdaq
SIVBP,nasdaq
APDN,nasdaq
FCACU,nasdaq
CSII,nasdaq
ZG,nasdaq
GNLN,nasdaq
ISIG,nasdaq
OCAXW,nasdaq
CAAS,nasdaq
SJ,nasdaq
APEI,nasdaq
ZGNX,nasdaq
CSIQ,nasdaq
GNOG,nasdaq
ISLE,nasdaq
CABA,nasdaq
SKIN,nasdaq
OCC,nasdaq
APEN,nasdaq
ZGYH,nasdaq
CSOD,nasdaq
GNPX,nasdaq
ISLEW,nasdaq
CAC,nasdaq
OCCI,nasdaq
ZGYHR,nasdaq
API,nasdaq
CSPI,nasdaq
GNRS,nasdaq
ISNS,nasdaq
LSAQ,nasdaq
THMAU,nasdaq
QELLW,nasdaq
CACC,nasdaq
OCCIO,nasdaq
ZGYHW,nasdaq
APLS,nasdaq
CSQ,nasdaq
GNRSU,nasdaq
ISRG,nasdaq
LSBK,nasdaq
QFIN,nasdaq
OCCIP,nasdaq
ZI,nasdaq
APLT,nasdaq
CSSE,nasdaq
GNRSW,nasdaq
ISSC,nasdaq
OCDX,nasdaq
LSCC,nasdaq
QH,nasdaq
SKINW,nasdaq
ZION,nasdaq
CSSEN,nasdaq
APM,nasdaq
GNSS,nasdaq
ISTR,nasdaq
LSEA,nasdaq
SKYAU,nasdaq
QIWI,nasdaq
OCFC,nasdaq
ZIONL,nasdaq
APOG,nasdaq
CSSEP,nasdaq
GNTX,nasdaq
ISUN,nasdaq
LSEAW,nasdaq
SKYT,nasdaq
QK,nasdaq
OCFCP,nasdaq
CSTE,nasdaq
GNTY,nasdaq
FCACW,nasdaq
LSTR,nasdaq
SKYW,nasdaq
QLGN,nasdaq
OCG,nasdaq
CSTL,nasdaq
THMAW,nasdaq
CAHC,nasdaq
GNUS,nasdaq
APOP,nasdaq
FCAP,nasdaq
LSXMA,nasdaq
QLI,nasdaq
SLAB,nasdaq
OCGN,nasdaq
ITAC,nasdaq
CSTR,nasdaq
THMO,nasdaq
GO,nasdaq
LSXMB,nasdaq
FCBC,nasdaq
SLAM,nasdaq
QLYS,nasdaq
OCSL,nasdaq
ZIONN,nasdaq
CSWC,nasdaq
THRM,nasdaq
GOCO,nasdaq
LSXMK,nasdaq
FCBP,nasdaq
SLAMU,nasdaq
QMCO,nasdaq
OCUL,nasdaq
ZIONO,nasdaq
CSWI,nasdaq
THRY,nasdaq
GOEV,nasdaq
ITACU,nasdaq
LTBR,nasdaq
SLAMW,nasdaq
FCCO,nasdaq
QNST,nasdaq
OCUP,nasdaq
ZIONP,nasdaq
CSX,nasdaq
THTX,nasdaq
GOEVW,nasdaq
SLCR,nasdaq
LTRN,nasdaq
FCCY,nasdaq
QQQX,nasdaq
OCX,nasdaq
ZIOP,nasdaq
CTAQ,nasdaq
THWWW,nasdaq
LTRPA,nasdaq
GOGL,nasdaq
SLCRU,nasdaq
FCEL,nasdaq
QRHC,nasdaq
ODFL,nasdaq
ZIXI,nasdaq
CTAQU,nasdaq
TIG,nasdaq
LTRPB,nasdaq
SLCRW,nasdaq
GOGO,nasdaq
QRTEA,nasdaq
FCFS,nasdaq
ODP,nasdaq
ZKIN,nasdaq
CTAQW,nasdaq
TIGO,nasdaq
SLCT,nasdaq
LTRX,nasdaq
GOOD,nasdaq
ITACW,nasdaq
QRTEB,nasdaq
FCNCA,nasdaq
ODT,nasdaq
ZLAB,nasdaq
CTAS,nasdaq
TIGR,nasdaq
SLDB,nasdaq
LULU,nasdaq
GOODM,nasdaq
ITCI,nasdaq
CAHCU,nasdaq
QRTEP,nasdaq
FCNCP,nasdaq
OEG,nasdaq
ZM,nasdaq
APOPW,nasdaq
CTBI,nasdaq
TIL,nasdaq
SLGG,nasdaq
LUMO,nasdaq
ITHX,nasdaq
GOODN,nasdaq
FCRD,nasdaq
OEPW,nasdaq
ZNGA,nasdaq
QRVO,nasdaq
APP,nasdaq
CTG,nasdaq
TILE,nasdaq
ITHXU,nasdaq
OEPWU,nasdaq
ZNTE,nasdaq
GOOG,nasdaq
SLGL,nasdaq
FDBC,nasdaq
LUNA,nasdaq
APPF,nasdaq
QTNT,nasdaq
CTHR,nasdaq
TIOAU,nasdaq
ITHXW,nasdaq
OEPWW,nasdaq
ZNTEU,nasdaq
SLGN,nasdaq
GOOGL,nasdaq
FDMT,nasdaq
LUNG,nasdaq
NWG,nyse
CTIB,nasdaq
APPH,nasdaq
TIPT,nasdaq
ITI,nasdaq
OESX,nasdaq
SLM,nasdaq
GOSS,nasdaq
FDUS,nasdaq
NWHM,nyse
LUXA,nasdaq
CTIC,nasdaq
APPHW,nasdaq
TIRX,nasdaq
ITIC,nasdaq
OFED,nasdaq
SLMBP,nasdaq
GOVX,nasdaq
LUXAU,nasdaq
NWN,nyse
CAHCW,nasdaq
FDUSG,nasdaq
APPN,nasdaq
CTLP,nasdaq
TITN,nasdaq
ITMR,nasdaq
OFIX,nasdaq
LUXAW,nasdaq
GOVXW,nasdaq
SLN,nasdaq
NX,nyse
APPS,nasdaq
CTMX,nasdaq
CAKE,nasdaq
FDUSZ,nasdaq
TLC,nasdaq
ITOS,nasdaq
ZNTEW,nasdaq
OFLX,nasdaq
GP,nasdaq
SLNG,nasdaq
APR,nasdaq
CALA,nasdaq
FEIM,nasdaq
CTRE,nasdaq
NXC,nyse
TLGT,nasdaq
ITQ,nasdaq
ZNTL,nasdaq
OFS,nasdaq
GPAC,nasdaq
CALB,nasdaq
SLNO,nasdaq
APRE,nasdaq
FELE,nasdaq
NXJ,nyse
CTRM,nasdaq
TLIS,nasdaq
ITQRU,nasdaq
ZS,nasdaq
GPACU,nasdaq
CALM,nasdaq
SLP,nasdaq
FENC,nasdaq
APTO,nasdaq
NXN,nyse
TLMD,nasdaq
ITRI,nasdaq
CTRN,nasdaq
ZSAN,nasdaq
GPACW,nasdaq
CALT,nasdaq
FEYE,nasdaq
SLRC,nasdaq
APTX,nasdaq
NXP,nyse
ITRM,nasdaq
CTSH,nasdaq
TLMDW,nasdaq
ZUMZ,nasdaq
GPP,nasdaq
CAMP,nasdaq
SLRX,nasdaq
FFBC,nasdaq
APVO,nasdaq
ITRN,nasdaq
TLND,nasdaq
CTSO,nasdaq
ZVO,nasdaq
GPRE,nasdaq
CAMT,nasdaq
SLS,nasdaq
FFBW,nasdaq
APWC,nasdaq
IVA,nasdaq
TLRY,nasdaq
CTXR,nasdaq
ZWRK,nasdaq
GPRO,nasdaq
FFHL,nasdaq
CAN,nasdaq
APXT,nasdaq
SMBC,nasdaq
IVAC,nasdaq
TLS,nasdaq
ZWRKU,nasdaq
CTXRW,nasdaq
GRAY,nasdaq
FFIC,nasdaq
APXTU,nasdaq
SMBK,nasdaq
ZWRKW,nasdaq
IZEA,nasdaq
CTXS,nasdaq
LVRA,nasdaq
TLSA,nasdaq
GRBK,nasdaq
APXTW,nasdaq
FFIN,nasdaq
SMCI,nasdaq
ZY,nasdaq
CUBA,nasdaq
JACK,nasdaq
TMCI,nasdaq
GRCL,nasdaq
APYX,nasdaq
FFIV,nasdaq
SMED,nasdaq
ZYNE,nasdaq
CUE,nasdaq
JAGX,nasdaq
TMDI,nasdaq
AQB,nasdaq
FFNW,nasdaq
SMID,nasdaq
CAPA,nasdaq
CUEN,nasdaq
JAKK,nasdaq
ZYXI,nasdaq
TMDX,nasdaq
OFSSG,nasdaq
AQMS,nasdaq
SMIT,nasdaq
JAMF,nasdaq
TYG,nyse
TMKR,nasdaq
FFWM,nasdaq
CUENW,nasdaq
OFSSI,nasdaq
AQST,nasdaq
SMMF,nasdaq
JAN,nasdaq
TMKRU,nasdaq
FGBI,nasdaq
TYL,nyse
CURI,nasdaq
OGI,nasdaq
ARAV,nasdaq
SMMT,nasdaq
NXQ,nyse
JAZZ,nasdaq
TMKRW,nasdaq
U,nyse
FGBIP,nasdaq
OHPA,nasdaq
CURIW,nasdaq
ARAY,nasdaq
CAPAU,nasdaq
TMPM,nasdaq
JBHT,nasdaq
SMPL,nasdaq
FGEN,nasdaq
OHPAU,nasdaq
UA,nyse
CUTR,nasdaq
ARBG,nasdaq
TMPMW,nasdaq
JBLU,nasdaq
SMSI,nasdaq
FGF,nasdaq
OHPAW,nasdaq
UAA,nyse
CVAC,nasdaq
ARBGU,nasdaq
LVRAU,nasdaq
JBSS,nasdaq
SMTC,nasdaq
FGFPP,nasdaq
OIIM,nasdaq
CVBF,nasdaq
ARBGW,nasdaq
UAN,nyse
JCIC,nasdaq
GRCY,nasdaq
SMTI,nasdaq
FHB,nasdaq
OKTA,nasdaq
CVCO,nasdaq
TMTS,nasdaq
UBA,nyse
ARCB,nasdaq
JCICU,nasdaq
FHTX,nasdaq
OLB,nasdaq
SNBR,nasdaq
CVCY,nasdaq
UBER,nyse
ARCC,nasdaq
JCICW,nasdaq
SNCR,nasdaq
OLED,nasdaq
FIBK,nasdaq
CAPAW,nasdaq
CVET,nasdaq
UBP,nyse
ARCE,nasdaq
JCOM,nasdaq
TMTSU,nasdaq
OLK,nasdaq
SNCY,nasdaq
CAPR,nasdaq
CVGI,nasdaq
UBS,nyse
ARCT,nasdaq
JCS,nasdaq
SND,nasdaq
OLLI,nasdaq
CVGW,nasdaq
CAR,nasdaq
UDR,nyse
ARDS,nasdaq
JCTCF,nasdaq
SNDL,nasdaq
OLMA,nasdaq
CARA,nasdaq
CVLG,nasdaq
UE,nyse
ARDX,nasdaq
JD,nasdaq
NXR,nyse
SNDX,nasdaq
OM,nasdaq
FIII,nasdaq
CARE,nasdaq
CVLT,nasdaq
UFI,nyse
AREC,nasdaq
TMTSW,nasdaq
JFIN,nasdaq
LVRAW,nasdaq
NXRT,nyse
SNES,nasdaq
CVLY,nasdaq
OMAB,nasdaq
UFS,nyse
CARG,nasdaq
ARGX,nasdaq
TMUS,nasdaq
JFU,nasdaq
NXU,nyse
LVTX,nasdaq
SNEX,nasdaq
GRCYU,nasdaq
OMCL,nasdaq
CVV,nasdaq
ARKO,nasdaq
CARV,nasdaq
UGI,nyse
TNDM,nasdaq
JG,nasdaq
NYC,nyse
SNFCA,nasdaq
OMEG,nasdaq
ARKOW,nasdaq
CWBC,nasdaq
CASA,nasdaq
UGP,nyse
TNXP,nasdaq
JJSF,nasdaq
NYCB,nyse
SNGX,nasdaq
OMER,nasdaq
ARKR,nasdaq
CASH,nasdaq
CWBR,nasdaq
UHS,nyse
TOMZ,nasdaq
JKHY,nasdaq
NYT,nyse
SNGXW,nasdaq
OMEX,nasdaq
ARLP,nasdaq
CASI,nasdaq
CWCO,nasdaq
UHT,nyse
FIIIU,nasdaq
TOPS,nasdaq
NZF,nyse
SNOA,nasdaq
OMP,nasdaq
ARNA,nasdaq
CASS,nasdaq
CWST,nasdaq
UI,nyse
TOUR,nasdaq
O,nyse
MIXT,nyse
SNPS,nasdaq
AROW,nasdaq
CXDC,nasdaq
UIS,nyse
CASY,nasdaq
TOWN,nasdaq
OACB,nyse
SNRH,nasdaq
MIY,nyse
ARPO,nasdaq
CXDO,nasdaq
UL,nyse
TPCO,nasdaq
OC,nyse
SNRHU,nasdaq
MKC,nyse
ARQT,nasdaq
CYAD,nasdaq
UMC,nyse
TPIC,nasdaq
SNRHW,nasdaq
ARRW,nasdaq
CYAN,nasdaq
MKL,nyse
LWAC,nasdaq
UMH,nyse
TPTX,nasdaq
GRCYW,nasdaq
SNSE,nasdaq
ARRWU,nasdaq
CYBE,nasdaq
MLI,nyse
UNF,nyse
GRFS,nasdaq
SNY,nasdaq
ARRWW,nasdaq
CYBR,nasdaq
MLM,nyse
UNFI,nyse
GRIL,nasdaq
JMPNL,nasdaq
ARRY,nasdaq
PVH,nyse
MLP,nyse
CYCC,nasdaq
GRIN,nasdaq
UNH,nyse
JMPNZ,nasdaq
ARTAU,nasdaq
PVL,nyse
MLR,nyse
TRCH,nasdaq
CYCCP,nasdaq
GRMN,nasdaq
JNCE,nasdaq
UNM,nyse
ARTL,nasdaq
PWR,nyse
FIIIW,nasdaq
TREE,nasdaq
MMC,nyse
JOAN,nasdaq
CYCN,nasdaq
GRNQ,nasdaq
UNMA,nyse
ARTLW,nasdaq
CATB,nasdaq
PXD,nyse
FINM,nasdaq
TRHC,nasdaq
MMD,nyse
JOBS,nasdaq
GRNV,nasdaq
CYRN,nasdaq
UNP,nyse
ARTNA,nasdaq
OCA,nyse
PYN,nyse
FINMU,nasdaq
CATC,nasdaq
TRIB,nasdaq
MMI,nyse
JOFF,nasdaq
GRNVR,nasdaq
CYRX,nasdaq
UNVR,nyse
FINMW,nasdaq
ARTW,nasdaq
OCFT,nyse
CATM,nasdaq
TRIL,nasdaq
MMM,nyse
JOFFU,nasdaq
GRNVU,nasdaq
LWACU,nasdaq
CYTH,nasdaq
ARVL,nasdaq
OCN,nyse
FISI,nasdaq
UPS,nyse
CATY,nasdaq
TRIN,nasdaq
MMP,nyse
JOFFW,nasdaq
GRNVW,nasdaq
CYTHW,nasdaq
FISV,nasdaq
ODC,nyse
URI,nyse
TRIP,nasdaq
CBAN,nasdaq
MMS,nyse
JOUT,nasdaq
GROW,nasdaq
CYTK,nasdaq
FITB,nasdaq
OEC,nyse
USA,nyse
CBAT,nasdaq
JRJC,nasdaq
MMT,nyse
GRPN,nasdaq
CZNC,nasdaq
OFC,nyse
FITBI,nasdaq
USAC,nyse
CBAY,nasdaq
JRSH,nasdaq
MMU,nyse
CZR,nasdaq
FITBO,nasdaq
USB,nyse
OFG,nyse
CBFV,nasdaq
JRVR,nasdaq
MN,nyse
CZWI,nasdaq
FITBP,nasdaq
OG,nyse
USDP,nyse
JSM,nasdaq
CBIO,nasdaq
MNP,nyse
DADA,nasdaq
FIVE,nasdaq
OGE,nyse
USFD,nyse
JUPW,nasdaq
CBLI,nasdaq
MNR,nyse
PYS,nyse
DAIO,nasdaq
FIVN,nasdaq
OGS,nyse
USM,nyse
JUPWW,nasdaq
CBMB,nasdaq
MNRL,nyse
DAKT,nasdaq
FIXX,nasdaq
OHI,nyse
USNA,nyse
CBNK,nasdaq
JVA,nasdaq
GRSV,nasdaq
MNSO,nyse
LWACW,nasdaq
DARE,nasdaq
FIZZ,nasdaq
OI,nyse
USPH,nyse
JWEL,nasdaq
MO,nyse
LWAY,nasdaq
CBRL,nasdaq
TRIT,nasdaq
FKWL,nasdaq
OIA,nyse
JYAC,nasdaq
USX,nyse
MOD,nyse
LX,nasdaq
CBSH,nasdaq
GRSVU,nasdaq
FLAC,nasdaq
OII,nyse
JYNT,nasdaq
UTF,nyse
MODN,nyse
CBTX,nasdaq
ARVLW,nasdaq
LXEH,nasdaq
DBDR,nasdaq
FLACU,nasdaq
JZXN,nasdaq
OIS,nyse
UTI,nyse
MOGU,nyse
CCAP,nasdaq
ARVN,nasdaq
LXRX,nasdaq
FLACW,nasdaq
KAII,nasdaq
OKE,nyse
UTL,nyse
CCB,nasdaq
LYFT,nasdaq
MOH,nyse
ARWR,nasdaq
FLDM,nasdaq
DBDRU,nasdaq
KAIIU,nasdaq
OLN,nyse
UTZ,nyse
CCBG,nasdaq
MOS,nyse
LYL,nasdaq
GRSVW,nasdaq
FLEX,nasdaq
KAIIW,nasdaq
PYT,nyse
OLO,nyse
MOTV,nyse
UVE,nyse
CCCC,nasdaq
LYRA,nasdaq
GRTS,nasdaq
FLGC,nasdaq
KAIR,nasdaq
PZC,nyse
OLP,nyse
MOV,nyse
CCD,nasdaq
UVV,nyse
LYTS,nasdaq
GRTX,nasdaq
FLGT,nasdaq
KAIRU,nasdaq
PZN,nyse
OMC,nyse
MP,nyse
UWMC,nyse
CCLP,nasdaq
GRVY,nasdaq
KAIRW,nasdaq
DBDRW,nasdaq
FLIC,nasdaq
QD,nyse
OMF,nyse
MPA,nyse
UZA,nyse
CCMP,nasdaq
GRWG,nasdaq
GOTU,nyse
DBGI,nasdaq
QFTA,nyse
FLL,nasdaq
MAAC,nasdaq
MPC,nyse
OMI,nyse
UZC,nyse
ATHM,nyse
GSAQ,nasdaq
GPC,nyse
DBGIW,nasdaq
FLMN,nasdaq
QGEN,nyse
ONE,nyse
MPLN,nyse
UZD,nyse
ATHN,nyse
GSAQU,nasdaq
FLMNW,nasdaq
GPI,nyse
QS,nyse
DBTX,nasdaq
ONTF,nyse
MPLX,nyse
UZE,nyse
ATI,nyse
MAACU,nasdaq
GSAQW,nasdaq
TRITW,nasdaq
FLNT,nasdaq
GPJA,nyse
QSR,nyse
DBVT,nasdaq
MPV,nyse
ONTO,nyse
V,nyse
ATKR,nyse
TRKA,nasdaq
GSBC,nasdaq
FLUX,nasdaq
GPK,nyse
QTS,nyse
DBX,nasdaq
OOMA,nyse
MPW,nyse
ATMR,nyse
VAC,nyse
TRKAW,nasdaq
GSEV,nasdaq
CWK,nyse
QTWO,nyse
DCBO,nasdaq
OPA,nyse
MPX,nyse
ATO,nyse
VAL,nyse
TRMB,nasdaq
GSEVU,nasdaq
CWT,nyse
QUAD,nyse
DCOM,nasdaq
ARYA,nasdaq
OPP,nyse
MQT,nyse
ATR,nyse
GSEVW,nasdaq
TRMD,nasdaq
VALE,nyse
QUOT,nyse
CX,nyse
DCOMP,nasdaq
ARYD,nasdaq
ATTO,nyse
OPY,nyse
MQY,nyse
VAPO,nyse
GSHD,nasdaq
TRMK,nasdaq
QVCC,nyse
CXE,nyse
DCPH,nasdaq
MAACW,nasdaq
ASAX,nasdaq
OR,nyse
ATUS,nyse
MRC,nyse
VBF,nyse
TRMT,nasdaq
GSIT,nasdaq
QVCD,nyse
CXH,nyse
MACA,nasdaq
ASAXU,nasdaq
AU,nyse
MRK,nyse
ORA,nyse
GSKY,nasdaq
TRNS,nasdaq
R,nyse
CXP,nyse
MACAU,nasdaq
ASAXW,nasdaq
MRO,nyse
ORAN,nyse
AUD,nyse
GSM,nasdaq
TROW,nasdaq
RA,nyse
VCIF,nyse
CXW,nyse
MACAW,nasdaq
ASLE,nasdaq
AUS,nyse
ORC,nyse
MS,nyse
GSMG,nasdaq
TRS,nasdaq
RAAS,nyse
VCRA,nyse
CYD,nyse
MACK,nasdaq
DCRB,nasdaq
AUY,nyse
ORCC,nyse
ASLEW,nasdaq
MSA,nyse
GSMGW,nasdaq
GPM,nyse
TRST,nasdaq
RACE,nyse
VCV,nyse
CYH,nyse
CAJ,nyse
AVA,nyse
ORCL,nyse
ASLN,nasdaq
MSB,nyse
GT,nasdaq
GPMT,nyse
TRUE,nasdaq
RAD,nyse
VEC,nyse
D,nyse
CAL,nyse
ORI,nyse
ASMB,nasdaq
MSC,nyse
GPN,nyse
GTBP,nasdaq
TRUP,nasdaq
AVAL,nyse
RAMP,nyse
DAC,nyse
CALX,nyse
VEDL,nyse
ORN,nyse
ASML,nasdaq
MSCI,nyse
GPOR,nyse
GTEC,nasdaq
TRVG,nasdaq
AVAN,nyse
RBA,nyse
DAL,nyse
VEEV,nyse
CANG,nyse
OSCR,nyse
ASND,nasdaq
MSD,nyse
GTH,nasdaq
TRVI,nasdaq
RBAC,nyse
AVB,nyse
GPRK,nyse
DAN,nyse
ASO,nasdaq
OSG,nyse
MACQ,nasdaq
MSGE,nyse
GTHX,nasdaq
TRVN,nasdaq
AVD,nyse
RBC,nyse
GPS,nyse
DAO,nyse
ASPC,nasdaq
OSH,nyse
MSGN,nyse
GTIM,nasdaq
TSBK,nasdaq
GPX,nyse
RBLX,nyse
AVK,nyse
DAR,nyse
ASPCU,nasdaq
MSGS,nyse
OSK,nyse
GTPA,nasdaq
TSC,nasdaq
AVLR,nyse
RC,nyse
VEI,nyse
CAP,nyse
DASH,nyse
ASPCW,nasdaq
MSI,nyse
GTPAU,nasdaq
OTIS,nyse
TSCAP,nasdaq
AVNS,nyse
RCA,nyse
VEL,nyse
CAPL,nyse
DAVA,nyse
ASPS,nasdaq
GRA,nyse
MSM,nyse
GTPAW,nasdaq
OUST,nyse
TSCBP,nasdaq
AVNT,nyse
RCB,nyse
CARR,nyse
VER,nyse
DB,nyse
ASPU,nasdaq
GRC,nyse
MSP,nyse
GTPB,nasdaq
OUT,nyse
TSCO,nasdaq
RCC,nyse
AVTR,nyse
MACQU,nasdaq
CARS,nyse
VET,nyse
DBD,nyse
GRUB,nyse
GTPBU,nasdaq
ASRT,nasdaq
MT,nyse
OVV,nyse
TSEM,nasdaq
RCI,nyse
AVY,nyse
GTPBW,nasdaq
VFC,nyse
GRX,nyse
DBI,nyse
ASRV,nasdaq
MTB,nyse
OWL,nyse
TSHA,nasdaq
AVYA,nyse
RCL,nyse
GTX,nasdaq
ASRVP,nasdaq
GS,nyse
DBL,nyse
OXM,nyse
RCS,nyse
AWF,nyse
GTYH,nasdaq
GSAH,nyse
A,nyse
DCF,nyse
OXY,nyse
RCUS,nyse
AWI,nyse
VGAC,nyse
GURE,nasdaq
GSBD,nyse
AA,nyse
DCI,nyse
PAC,nyse
AWK,nyse
VGI,nyse
RDN,nyse
GVP,nasdaq
AAC,nyse
DCO,nyse
GSK,nyse
MACQW,nasdaq
PACE,nyse
AWP,nyse
AAIC,nyse
DCP,nyse
GSL,nyse
MACU,nasdaq
PACK,nyse
AWR,nyse
MACUU,nasdaq
AAN,nyse
DCUE,nyse
PAG,nyse
AX,nyse
CAS,nyse
AAP,nyse
DD,nyse
VGII,nyse
PAGS,nyse
AXL,nyse
AAQC,nyse
CAT,nyse
DDD,nyse
VGM,nyse
MTCN,nyse
TSIA,nasdaq
PAI,nyse
AXP,nyse
AAT,nyse
CATO,nyse
DDF,nyse
VGR,nyse
PAM,nyse
MTD,nyse
MACUW,nasdaq
AB,nyse
AXR,nyse
CB,nyse
DDS,nyse
VHC,nyse
PANW,nyse
MTDR,nyse
ABB,nyse
AXS,nyse
DDT,nyse
VHI,nyse
PAR,nyse
MTG,nyse
ABBV,nyse
AXTA,nyse
VIAO,nyse
DE,nyse
GWAC,nasdaq
CBAH,nyse
PARR,nyse
MTH,nyse
ABC,nyse
AYI,nyse
VICI,nyse
DEA,nyse
GSLD,nyse
CBB,nyse
PATH,nyse
MTL,nyse
AYX,nyse
TSIAU,nasdaq
ABEV,nyse
VIPS,nyse
DECK,nyse
GSQD,nyse
CBD,nyse
MTN,nyse
PAYC,nyse
AZEK,nyse
ABG,nyse
GTES,nyse
VIST,nyse
CBH,nyse
MTOR,nyse
PB,nyse
AZO,nyse
ABM,nyse
GTLS,nyse
VIV,nyse
CBRE,nyse
RDS/B,nyse
DEH,nyse
MTR,nyse
PBA,nyse
AZRE,nyse
ABR,nyse
GTN,nyse
VKQ,nyse
CBT,nyse
RDY,nyse
PBC,nyse
MTRN,nyse
DEI,nyse
AZUL,nyse
ABT,nyse
GTS,nyse
MAGS,nasdaq
VLO,nyse
RE,nyse
CBU,nyse
PBF,nyse
MTW,nyse
DELL,nyse
AZZ,nyse
GTT,nyse
AC,nyse
VLRS,nyse
MANH,nasdaq
TSIAW,nasdaq
RELX,nyse
CBZ,nyse
PBFX,nyse
DEN,nyse
MTX,nyse
B,nyse
GTY,nyse
ACA,nyse
MANT,nasdaq
VLT,nyse
TSIB,nasdaq
RENN,nyse
CC,nyse
PBH,nyse
DEO,nyse
MTZ,nyse
BA,nyse
GUT,nyse
ACB,nyse
VMC,nyse
MAQCU,nasdaq
TSIBU,nasdaq
RES,nyse
CCAC,nyse
DESP,nyse
MUA,nyse
PBI,nyse
BABA,nyse
ACC,nyse
GVA,nyse
MAR,nasdaq
TSIBW,nasdaq
VMI,nyse
REV,nyse
CCEP,nyse
DEX,nyse
MUC,nyse
PBR,nyse
BAC,nyse
GWB,nyse
ACCO,nyse
MARA,nasdaq
TSLA,nasdaq
VMO,nyse
REVG,nyse
DFIN,nyse
MUE,nyse
CCI,nyse
BAH,nyse
GWACW,nasdaq
GWRE,nyse
ACEL,nyse
TSP,nasdaq
PBT,nyse
MARK,nasdaq
VMW,nyse
REX,nyse
CCIV,nyse
MUFG,nyse
BAK,nyse
GWGH,nasdaq
GWW,nyse
ACH,nyse
PBY,nyse
TSRI,nasdaq
VNCE,nyse
MARPS,nasdaq
REXR,nyse
CCJ,nyse
BALY,nyse
MUI,nyse
ACI,nyse
H,nyse
GWRS,nasdaq
TTCF,nasdaq
PCF,nyse
VNE,nyse
MASI,nasdaq
REZI,nyse
CCK,nyse
BAM,nyse
MUJ,nyse
ACIC,nyse
GXGX,nasdaq
HAE,nyse
PCG,nyse
VNO,nyse
TTD,nasdaq
MASS,nasdaq
RF,nyse
CCL,nyse
MUR,nyse
ACII,nyse
GXGXU,nasdaq
HAL,nyse
PCGU,nyse
VNT,nyse
MAT,nasdaq
TTEC,nasdaq
RFI,nyse
CCM,nyse
MUSA,nyse
GXGXW,nasdaq
ACM,nyse
VNTR,nyse
HASI,nyse
MATW,nasdaq
TTEK,nasdaq
RFL,nyse
CCO,nyse
MUX,nyse
ACN,nyse
GXII,nasdaq
VOC,nyse
HAYW,nyse
MAXN,nasdaq
TTGT,nasdaq
CCS,nyse
MVF,nyse
GXIIU,nasdaq
VOYA,nyse
HBB,nyse
MAYS,nasdaq
TTMI,nasdaq
CCU,nyse
GXIIW,nasdaq
MVO,nyse
DFNS,nyse
HBI,nyse
MBCN,nasdaq
TTNP,nasdaq
CCV,nyse
MVT,nyse
GYRO,nasdaq
DFP,nyse
HBM,nyse
MBII,nasdaq
TTOO,nasdaq
CCVI,nyse
HA,nasdaq
MWA,nyse
DFS,nyse
HCA,nyse
MBIN,nasdaq
TTWO,nasdaq
RFM,nyse
MX,nyse
DG,nyse
HCC,nyse
BAMH,nyse
ACND,nyse
MBINN,nasdaq
TUGCU,nasdaq
MXE,nyse
DGNR,nyse
HCHC,nyse
ACP,nyse
PCI,nyse
MBINO,nasdaq
TURN,nasdaq
MXF,nyse
DGX,nyse
HCI,nyse
ACR,nyse
RFMZ,nyse
MBINP,nasdaq
PCK,nyse
TUSK,nasdaq
MXL,nyse
DHF,nyse
HCXY,nyse
ACRE,nyse
RFP,nyse
MBIO,nasdaq
TVAC,nasdaq
PCM,nyse
DHI,nyse
HCXZ,nyse
ACV,nyse
RGA,nyse
TVACU,nasdaq
PCN,nyse
MBNKP,nasdaq
DHR,nyse
HD,nyse
ADC,nyse
MYC,nyse
TVACW,nasdaq
MBOT,nasdaq
PCOR,nyse
RGR,nyse
VPCC,nyse
DHT,nyse
HDB,nyse
MYD,nyse
ADCT,nyse
TVTX,nasdaq
PCPC,nyse
MBRX,nasdaq
RGS,nyse
VPG,nyse
DHX,nyse
ADEX,nyse
HE,nyse
MYE,nyse
HAAC,nasdaq
MBTC,nasdaq
TVTY,nasdaq
PCQ,nyse
RGT,nyse
DIAX,nyse
VPV,nyse
MYI,nyse
ADM,nyse
MBTCR,nasdaq
TW,nasdaq
PD,nyse
HEI,nyse
RH,nyse
CCX,nyse
BAMI,nyse
VRS,nyse
DIN,nyse
MBTCU,nasdaq
ADNT,nyse
CCZ,nyse
RHI,nyse
BANC,nyse
VRT,nyse
DIS,nyse
MBUU,nasdaq
ADS,nyse
CDAY,nyse
RHP,nyse
MYJ,nyse
BAP,nyse
PDAC,nyse
VRTV,nyse
TWCT,nasdaq
DK,nyse
MBWM,nasdaq
ADT,nyse
CDE,nyse
RICE,nyse
MYN,nyse
BAX,nyse
PDI,nyse
VSH,nyse
DKL,nyse
MCAD,nasdaq
ADX,nyse
CDR,nyse
MYOV,nyse
RIG,nyse
BB,nyse
PDM,nyse
VST,nyse
DKS,nyse
MCADR,nasdaq
TWCTU,nasdaq
CE,nyse
MYTE,nyse
RIO,nyse
BBAR,nyse
VSTO,nyse
MCADU,nasdaq
DLB,nyse
CEA,nyse
NAC,nyse
BBD,nyse
MCAEU,nasdaq
DLNG,nyse
PDO,nyse
CEE,nyse
NAD,nyse
HAACU,nasdaq
BBDC,nyse
MCBC,nasdaq
DLR,nyse
RIV,nyse
PDOT,nyse
CEIX,nyse
NAN,nyse
BBDO,nyse
MCBS,nasdaq
DLX,nyse
RJF,nyse
PDS,nyse
TWCTW,nasdaq
CELP,nyse
NAPA,nyse
BBL,nyse
MCFE,nasdaq
RKT,nyse
PDT,nyse
CEM,nyse
TWIN,nasdaq
NAT,nyse
BBN,nyse
RKTA,nyse
MCFT,nasdaq
PEAK,nyse
NAV,nyse
TWLV,nasdaq
DLY,nyse
BBU,nyse
PEB,nyse
NAZ,nyse
TWLVU,nasdaq
AEB,nyse
DM,nyse
BBVA,nyse
CEN,nyse
HEI/A,nyse
PEG,nyse
NBB,nyse
TWLVW,nasdaq
DMB,nyse
AEE,nyse
MCHP,nasdaq
RL,nyse
BBW,nyse
HEP,nyse
CEPU,nyse
NBHC,nyse
VTA,nyse
TWNK,nasdaq
DMO,nyse
MCHX,nasdaq
RLGY,nyse
BBY,nyse
CEQP,nyse
VTN,nyse
NBR,nyse
TWNKW,nasdaq
DMS,nyse
MCMJ,nasdaq
HAACW,nasdaq
RLI,nyse
AEFC,nyse
BC,nyse
CF,nyse
VTOL,nyse
TWOU,nasdaq
NC,nyse
MCMJW,nasdaq
RLJ,nyse
HAFC,nasdaq
AEG,nyse
CFG,nyse
VTR,nyse
TWST,nasdaq
NCA,nyse
MCRB,nasdaq
HEQ,nyse
DMYI,nyse
RLX,nyse
HAIN,nasdaq
AEL,nyse
CFR,nyse
TXG,nasdaq
VVI,nyse
NCLH,nyse
BCAT,nyse
HES,nyse
RM,nyse
MCRI,nasdaq
HALL,nasdaq
AEM,nyse
CFX,nyse
VVNT,nyse
NCR,nyse
TXMD,nasdaq
BCC,nyse
RMAX,nyse
MDB,nasdaq
AENZ,nyse
HALO,nasdaq
CFXA,nyse
HESM,nyse
VVR,nyse
NCV,nyse
TXN,nasdaq
BCE,nyse
MDCA,nasdaq
HAPP,nasdaq
AEO,nyse
HEXO,nyse
CGA,nyse
RMD,nyse
VVV,nyse
NCZ,nyse
TXRH,nasdaq
BCEI,nyse
PEI,nyse
HARP,nasdaq
MDGL,nasdaq
HFC,nyse
AER,nyse
RMI,nyse
VYGG,nyse
CGAU,nyse
SOJB,nyse
BCH,nyse
PEN,nyse
MDGS,nasdaq
HAS,nasdaq
CHAA,nyse
HFRO,nyse
RMM,nyse
VZIO,nyse
AES,nyse
SOJC,nyse
BCO,nyse
NDMO,nyse
PEO,nyse
MDGSW,nasdaq
HGH,nyse
HAYN,nasdaq
RMO,nyse
CHCT,nyse
W,nyse
AESC,nyse
SOJD,nyse
BCS,nyse
NDP,nyse
PFD,nyse
MDIA,nasdaq
HBAN,nasdaq
CHD,nyse
RMT,nyse
WAB,nyse
AEVA,nyse
SOJE,nyse
BCSF,nyse
PFE,nyse
NEA,nyse
HBANN,nasdaq
MDJH,nasdaq
RNG,nyse
CHE,nyse
WAL,nyse
AFB,nyse
SOL,nyse
HGLB,nyse
BCX,nyse
PFGC,nyse
NEE,nyse
HBANO,nasdaq
MDLZ,nasdaq
RNGR,nyse
WALA,nyse
CHGG,nyse
AFG,nyse
SOLN,nyse
HGV,nyse
NEM,nyse
HBANP,nasdaq
MDNA,nasdaq
PFH,nyse
BDC,nyse
RNP,nyse
CHH,nyse
AFGB,nyse
WARR,nyse
SON,nyse
HHC,nyse
NEP,nyse
HBCP,nasdaq
MDRR,nasdaq
BDJ,nyse
RNR,nyse
PFL,nyse
CHMI,nyse
AFGC,nyse
WAT,nyse
HHLA,nyse
DMYQ,nyse
SONY,nyse
MDRRP,nasdaq
NET,nyse
HBIO,nasdaq
BDN,nyse
ROG,nyse
PFN,nyse
CHN,nyse
AFGD,nyse
WBK,nyse
DNB,nyse
HI,nyse
SOR,nyse
NETI,nyse
HBMD,nasdaq
MDRX,nasdaq
PFO,nyse
BDX,nyse
ROK,nyse
CHPT,nyse
AFGE,nyse
DNMR,nyse
WBS,nyse
HIE,nyse
MDVL,nasdaq
SOS,nyse
HBNC,nasdaq
NEU,nyse
BDXB,nyse
PFS,nyse
ROL,nyse
CHRA,nyse
AFI,nyse
DNOW,nyse
WBT,nyse
HIG,nyse
MDWD,nasdaq
ETRN,nyse
NEV,nyse
BE,nyse
PFSI,nyse
ROP,nyse
CHS,nyse
DNP,nyse
AFL,nyse
WCC,nyse
HIGA,nyse
MDWT,nasdaq
ETV,nyse
BEDU,nyse
NEW,nyse
PG,nyse
ROSS,nyse
CHT,nyse
DNZ,nyse
AFT,nyse
WCN,nyse
MDXG,nasdaq
HII,nyse
ETW,nyse
BEKE,nyse
NEWR,nyse
PGP,nyse
ROT,nyse
CHWY,nyse
DOC,nyse
AG,nyse
WD,nyse
HIL,nyse
MEDP,nasdaq
ETWO,nyse
NEX,nyse
BEN,nyse
PGR,nyse
DOCN,nyse
AGAC,nyse
CI,nyse
WDH,nyse
HIMS,nyse
MEDS,nasdaq
NEXA,nyse
PGRE,nyse
BEP,nyse
DOOR,nyse
AGCB,nyse
CIA,nyse
WEA,nyse
HIO,nyse
MEIP,nasdaq
RPAI,nyse
NFG,nyse
BEPC,nyse
PGTI,nyse
DOV,nyse
AGCO,nyse
CIB,nyse
HIW,nyse
WEC,nyse
RPM,nyse
MELI,nasdaq
NFH,nyse
BEPH,nyse
PGZ,nyse
DOW,nyse
AGD,nyse
WEI,nyse
HIX,nyse
CIEN,nyse
RPT,nyse
MEOH,nasdaq
NFJ,nyse
BERY,nyse
DPG,nyse
PH,nyse
AGI,nyse
HKIB,nyse
WELL,nyse
RQI,nyse
SPAQ,nyse
CIF,nyse
MERC,nasdaq
BEST,nyse
PHD,nyse
DPZ,nyse
AGL,nyse
WES,nyse
HL,nyse
RRC,nyse
SPB,nyse
CIG,nyse
MESA,nasdaq
DQ,nyse
PHG,nyse
AGM,nyse
HLF,nyse
WEX,nyse
RRD,nyse
SPCE,nyse
CII,nyse
MESO,nasdaq
PHI,nyse
DRD,nyse
HLI,nyse
WF,nyse
CIM,nyse
AGO,nyse
METC,nasdaq
RS,nyse
SPE,nyse
PHK,nyse
DRE,nyse
HLT,nyse
WFC,nyse
CINR,nyse
METX,nasdaq
RSF,nyse
AGR,nyse
NGAB,nyse
DRH,nyse
PHM,nyse
HLX,nyse
WFG,nyse
METXW,nasdaq
CIO,nyse
RSG,nyse
ETX           ,nyse
AGRO,nyse
NGC,nyse
SPFR,nyse
PHR,nyse
DRI,nyse
HMC,nyse
MFH,nasdaq
WGO,nyse
CIR,nyse
RSI,nyse
AGS,nyse
ETY,nyse
SPG,nyse
NGG,nyse
DRQ,nyse
PHT,nyse
HMLP,nyse
JHS,nyse
RTP,nyse
CIT,nyse
WH,nyse
AGTI,nyse
EURN,nyse
DRUA,nyse
NGL,nyse
PHX,nyse
SPGI,nyse
HMN,nyse
JHX,nyse
CIXX,nyse
AGX,nyse
EVA,nyse
WHD,nyse
DS,nyse
NGS,nyse
SPGS,nyse
HMY,nyse
CL,nyse
AHC,nyse
EVC,nyse
WHG,nyse
NGVC,nyse
SPH,nyse
HNGR,nyse
CLAA,nyse
AHH,nyse
EVF,nyse
WHR,nyse
NGVT,nyse
SPLP,nyse
CLAS,nyse
AHT,nyse
HNI,nyse
EVG,nyse
WIA,nyse
SPNT,nyse
CLB,nyse
JIH,nyse
AI,nyse
HNP,nyse
EVH,nyse
WIT,nyse
SPNV,nyse
JILL,nyse
AIC,nyse
HOG,nyse
EVN,nyse
BF/A,nyse
WIW,nyse
SPOT,nyse
JKS,nyse
AIF,nyse
HOME,nyse
EVR,nyse
CLDR,nyse
WK,nyse
SPR,nyse
JLL,nyse
AIG,nyse
HOV,nyse
EVRG,nyse
RTPZ,nyse
CLDT,nyse
WLK,nyse
JLS,nyse
AIN,nyse
HP,nyse
PIAI,nyse
EVRI,nyse
CLF,nyse
RTX,nyse
WLKP,nyse
JMIA,nyse
DSE,nyse
HPE,nyse
AIO,nyse
PICC,nyse
EVT,nyse
RVI,nyse
WLL,nyse
HPF,nyse
JMM,nyse
AIR,nyse
PII,nyse
RVLV,nyse
DSL,nyse
WM,nyse
EVTC,nyse
JMP,nyse
HPI,nyse
AIRC,nyse
RVT,nyse
DSM,nyse
PIM,nyse
WMB,nyse
EW,nyse
SPRQ,nyse
JNJ,nyse
HPP,nyse
AIT,nyse
RWT,nyse
DSSI,nyse
CLGX,nyse
PINE,nyse
NHF,nyse
WMC,nyse
SPXC,nyse
JNPR,nyse
HPQ,nyse
RXN,nyse
AIV,nyse
DSU,nyse
CLH,nyse
PING,nyse
NHI,nyse
SPXX,nyse
JOE,nyse
AIW,nyse
HPS,nyse
WMK,nyse
RY,nyse
DSX,nyse
CLI,nyse
PINS,nyse
NI,nyse
SQ,nyse
HPX,nyse
WMS,nyse
CLII,nyse
RYAM,nyse
AIZ,nyse
JOF,nyse
DT,nyse
PIPP,nyse
NID,nyse
EXD,nyse
SQM,nyse
HQH,nyse
CLIM,nyse
WMT,nyse
RYB,nyse
JP,nyse
AIZN,nyse
DTB,nyse
PIPR,nyse
NIE,nyse
EXG,nyse
CLNC,nyse
HQL,nyse
SQNS,nyse
RYI,nyse
WNC,nyse
JPC,nyse
DTE,nyse
PJT,nyse
NIM,nyse
EXK,nyse
CLNY,nyse
SQSP,nyse
HR,nyse
JPI,nyse
RYN,nyse
WNS,nyse
PK,nyse
DTF,nyse
BF/B,nyse
NIMC,nyse
EXP,nyse
SQZ,nyse
CLPR,nyse
HRB,nyse
RZA,nyse
JPM,nyse
DTJ,nyse
WOR,nyse
PKE,nyse
NINE,nyse
BFAM,nyse
EXPR,nyse
SR,nyse
CLR,nyse
HRC,nyse
JPS,nyse
RZB,nyse
WORK,nyse
DTP,nyse
PKG,nyse
NIO,nyse
BFK,nyse
EXR,nyse
SRC,nyse
CLS,nyse
HRI,nyse
SA,nyse
WOW,nyse
PKI,nyse
DTW,nyse
NIQ,nyse
EXTN,nyse
BFLY,nyse
CLVT,nyse
SRE,nyse
HRL,nyse
WPC,nyse
DTY,nyse
NJR,nyse
JPT,nyse
F,nyse
BFS,nyse
CLW,nyse
SREA,nyse
HRTG,nyse
WPCA,nyse
DUK,nyse
NKE,nyse
FACA,nyse
JQC,nyse
BFZ,nyse
CLX,nyse
HSBC,nyse
SRG,nyse
WPCB,nyse
DUKB,nyse
NKG,nyse
FACT,nyse
JRI,nyse
AJAX,nyse
BG,nyse
CM,nyse
WPF,nyse
HSC,nyse
SRI,nyse
NKX,nyse
JRO,nyse
DUKH,nyse
FAF,nyse
AJG,nyse
BGB,nyse
WPG,nyse
CMA,nyse
HSY,nyse
NL,nyse
SRL,nyse
JRS,nyse
DV,nyse
AJRD,nyse
BGH,nyse
WPM,nyse
CMC,nyse
HT,nyse
NLS,nyse
SRLP,nyse
DVA,nyse
AJX,nyse
FAII,nyse
WPP,nyse
HTA,nyse
CMCM,nyse
NLSN,nyse
SRT,nyse
DVD,nyse
AJXA,nyse
FAM,nyse
JSD,nyse
WRB,nyse
HTD,nyse
NLY,nyse
DVN,nyse
SAF,nyse
SRV,nyse
PKO,nyse
JT,nyse
FBC,nyse
WRE,nyse
HTFB,nyse
NM,nyse
DWIN,nyse
SSD,nyse
SAFE,nyse
FBHS,nyse
PKX,nyse
WRI,nyse
HTGC,nyse
NMCO,nyse
SSL,nyse
DX,nyse
SAH,nyse
PLAN,nyse
FBK,nyse
WRK,nyse
HTH,nyse
CMD,nyse
NMI,nyse
SSTK,nyse
DXC,nyse
SAIC,nyse
PLD,nyse
FBP,nyse
WSM,nyse
HTPA,nyse
CMG,nyse
NMM,nyse
DY,nyse
ST,nyse
PLNT,nyse
SAIL,nyse
FC,nyse
WSO,nyse
HTY,nyse
CMI,nyse
NMR,nyse
STAG,nyse
FCAX,nyse
PLOW,nyse
HUBB,nyse
CMO,nyse
BGIO,nyse
NMS,nyse
FCF,nyse
HUBS,nyse
BGR,nyse
CMP,nyse
NMT,nyse
SAK,nyse
FCN,nyse
HUGS,nyse
CMRE,nyse
BGS,nyse
NMZ,nyse
SAM,nyse
FCPT,nyse
HUM,nyse
BGSF,nyse
JTA,nyse
CMS,nyse
SAN,nyse
PLT,nyse
FCRW,nyse
HUN,nyse
BGSX,nyse
CMSA,nyse
NNA,nyse
PLTR,nyse
FCRZ,nyse
HUYA,nyse
BGT,nyse
CMSC,nyse
PLYM,nyse
FCT,nyse
NNI,nyse
HVT,nyse
BGX,nyse
CMSD,nyse
AKO/A,nyse
PM,nyse
NNN,nyse
FCX,nyse
DYFN,nyse
BGY,nyse
CMU,nyse
PMF,nyse
NNY,nyse
FDEU,nyse
E,nyse
BH,nyse
CNA,nyse
PML,nyse
NOA,nyse
FDP,nyse
EAF,nyse
BHC,nyse
CNC,nyse
STAR          ,nyse
PMM,nyse
NOAH,nyse
FDX,nyse
EAI,nyse
CND,nyse
BHE,nyse
STC,nyse
PMO,nyse
NOC,nyse
FE,nyse
EARN,nyse
CNF,nyse
BHK,nyse
JTD,nyse
WSO/B,nyse
STE,nyse
PMT,nyse
NOK,nyse
FEDU,nyse
CNHI,nyse
EAT,nyse
BHLB,nyse
STEM,nyse
WSR,nyse
PMVC,nyse
NOM,nyse
EB,nyse
CNI,nyse
SAND          ,nyse
BHP,nyse
STG,nyse
PMX,nyse
WST,nyse
NOMD,nyse
CNK,nyse
EBF,nyse
BHR,nyse
SAP,nyse
PNC,nyse
WTI,nyse
NOV,nyse
CNMD,nyse
EBR,nyse
SAR,nyse
BHV,nyse
WTM,nyse
PNF,nyse
NOVA,nyse
CNNE,nyse
EBS,nyse
SAVE,nyse
BHVN,nyse
PNI,nyse
WTRG,nyse
NOW,nyse
CNO,nyse
BIF,nyse
EC,nyse
SB,nyse
WTRU,nyse
PNM,nyse
NP,nyse
BIG,nyse
SBBA,nyse
CNP,nyse
PNR,nyse
WTS,nyse
HVT/A,nyse
STIC,nyse
SBG,nyse
CNQ,nyse
AKO/B,nyse
PNTM,nyse
WTTR,nyse
HWM,nyse
STK,nyse
NPCT,nyse
SBH,nyse
AKR,nyse
CNR,nyse
PNW,nyse
WU,nyse
BIGZ,nyse
STL,nyse
HXL,nyse
SBI,nyse
NPK,nyse
AL,nyse
CNS,nyse
POR,nyse
BILL,nyse
WWE,nyse
FEI           ,nyse
STLA,nyse
HY,nyse
SBII,nyse
NPO,nyse
ALB,nyse
CNX,nyse
POST,nyse
BIO,nyse
FENG,nyse
WWW,nyse
STM,nyse
HYB,nyse
SBOW,nyse
NPTN,nyse
CO,nyse
ALC,nyse
PPG,nyse
WY,nyse
STN,nyse
HYI,nyse
SBR,nyse
CODI,nyse
JW/A,nyse
NPV,nyse
ALE,nyse
PPL,nyse
X,nyse
STNG,nyse
HYLN,nyse
FEO,nyse
SBS,nyse
NQP,nyse
COE,nyse
ALEX,nyse
STON,nyse
HYT,nyse
FERG,nyse
SBSW,nyse
NR,nyse
COF,nyse
ALG,nyse
STOR,nyse
FET,nyse
SC,nyse
XEC,nyse
ECC           ,nyse
NREF,nyse
COG,nyse
ALK,nyse
FF,nyse
ECCB,nyse
XFLT,nyse
SCCO,nyse
NRG,nyse
COLD,nyse
ALL,nyse
FFA,nyse
ECCW,nyse
SCD,nyse
XHR,nyse
NRGX,nyse
STPC,nyse
COMP,nyse
ALLE,nyse
FFC,nyse
ECCX,nyse
SCHW,nyse
XIN,nyse
NRK,nyse
STRE,nyse
COO,nyse
ALLY,nyse
SCI,nyse
STT,nyse
NRP,nyse
COP,nyse
ALSN,nyse
SCL,nyse
STWD,nyse
NRT,nyse
COR,nyse
ALTG,nyse
PPR,nyse
SCM,nyse
STZ,nyse
NRUC,nyse
CORR,nyse
ALUS,nyse
FFG,nyse
PPT,nyse
SCPE,nyse
NRZ,nyse
HZAC,nyse
COTY,nyse
ALV,nyse
FGB,nyse
SCS,nyse
NS,nyse
HZN,nyse
BIO/B,nyse
COUR,nyse
ALX,nyse
SCU,nyse
NSA,nyse
BIP,nyse
HZO,nyse
CP,nyse
AM,nyse
SCVX,nyse
JW/B,nyse
NSC,nyse
BIPC,nyse
CPA,nyse
AMBC,nyse
SCX,nyse
JWN,nyse
NSH,nyse
BIT,nyse
ECCY,nyse
XL,nyse
CPAC,nyse
AMC,nyse
SD,nyse
NSL,nyse
BITE,nyse
ECL,nyse
XOM,nyse
CPB,nyse
AMCR,nyse
BJ,nyse
NSP,nyse
XPEV,nyse
FGNA,nyse
CPE,nyse
AME,nyse
NSS,nyse
BK,nyse
SDHY,nyse
XPO,nyse
FHI,nyse
CPF,nyse
AMG,nyse
NSTB,nyse
SE,nyse
BKD,nyse
XPOA,nyse
FHN,nyse
PPX,nyse
CPG,nyse
AMH,nyse
NSTC,nyse
SEAH,nyse
PQG,nyse
BKE,nyse
XRX,nyse
JWS,nyse
CPK,nyse
AMK,nyse
NSTD,nyse
SEAS,nyse
XYF,nyse
BKH,nyse
CPLG,nyse
JWSM,nyse
PRA,nyse
HZON,nyse
AMN,nyse
NTB,nyse
BKI,nyse
SEE,nyse
XYL,nyse
CPNG,nyse
K,nyse
PRG,nyse
IAA,nyse
AMOV,nyse
STZ/B,nyse
NTCO,nyse
BKN,nyse
Y,nyse
SEM,nyse
CPRI,nyse
KAHC,nyse
PRGO,nyse
AMP,nyse
SU,nyse
NTG,nyse
BKR,nyse
SEMR,nyse
CPS,nyse
KAI,nyse
PRI,nyse
AMPI,nyse
SUI,nyse
NTP,nyse
BKT,nyse
SF,nyse
KAMN,nyse
PRLB,nyse
YAC,nyse
AMPY,nyse
SUM,nyse
NTR,nyse
BKU,nyse
SFB,nyse
ECOM          ,nyse
KAR,nyse
PRMW,nyse
YALA,nyse
SUN,nyse
AMR,nyse
BLD,nyse
NTST,nyse
SFE,nyse
ED,nyse
KB,nyse
PRO,nyse
FHS,nyse
YELP,nyse
AMRC,nyse
SUP,nyse
IACA,nyse
BLE,nyse
NTZ,nyse
SFL,nyse
EDD,nyse
PROS,nyse
KBH,nyse
FI,nyse
YETI,nyse
AMRX,nyse
SUPV,nyse
BLK,nyse
NUE,nyse
EDF,nyse
PRPB,nyse
KBR,nyse
FICO,nyse
YEXT,nyse
AMT,nyse
SUZ,nyse
PRPC,nyse
EDI,nyse
BLL,nyse
AMWL,nyse
YPF,nyse
CPSR,nyse
PRS,nyse
BLUA,nyse
EDN,nyse
NUO,nyse
AMX,nyse
FIF,nyse
YRD,nyse
CPT,nyse
SWBK,nyse
PRT,nyse
BLW,nyse
EDR,nyse
NUS,nyse
AN,nyse
FINS,nyse
YSG,nyse
CPTK,nyse
IACB,nyse
PRTY,nyse
SWCH,nyse
EDU,nyse
BLX,nyse
NUV,nyse
ANAC,nyse
FINV,nyse
IACC,nyse
CPUH,nyse
YTPG,nyse
SWI,nyse
PRU,nyse
EEA,nyse
BMA,nyse
NUVB,nyse
ANET,nyse
FIS,nyse
IAE,nyse
CR,nyse
YUM,nyse
SWK,nyse
PSA,nyse
EEX,nyse
BME,nyse
NUW,nyse
ANF,nyse
IAG,nyse
YUMC,nyse
CRC,nyse
SWM,nyse
PSB,nyse
EFC,nyse
NVG,nyse
SFTW,nyse
ANTM,nyse
IBA,nyse
SWN,nyse
ZBH,nyse
PSF,nyse
SFUN,nyse
NVGS,nyse
AOD,nyse
IBER,nyse
BMEZ,nyse
ZEN,nyse
SWT,nyse
PSFE,nyse
SGFY,nyse
NVO,nyse
AON,nyse
IBM,nyse
BMI,nyse
ZEPP,nyse
SWX,nyse
KCAC,nyse
PSN,nyse
SGU,nyse
NVR,nyse
IBN,nyse
ZEV,nyse
BMO,nyse
SWZ,nyse
KEN,nyse
PSO,nyse
SHAK,nyse
NVRO,nyse
IBP,nyse
ZH,nyse
BMY,nyse
KEP,nyse
AONE,nyse
SXC,nyse
SHG,nyse
PSTG,nyse
NVS,nyse
ICD,nyse
ZIM,nyse
BNED,nyse
KEX,nyse
AOS,nyse
PSTH,nyse
SXI,nyse
NVST,nyse
ICE,nyse
ZNH,nyse
BNL,nyse
KEY,nyse
PSTL,nyse
FIV,nyse
SXT,nyse
AP,nyse
NVT,nyse
ZTO,nyse
ICL,nyse
BNS,nyse
KEYS,nyse
PSX,nyse
FIX,nyse
SYF,nyse
APAM,nyse
NVTA,nyse
EFF,nyse
ZTR,nyse
IDA,nyse
KF,nyse
BNY,nyse
PSXP,nyse
FL,nyse
SYK,nyse
APD,nyse
ZTS,nyse
KFS,nyse
SYX,nyse
FLC,nyse
APG,nyse
ZUO,nyse
EFL,nyse
KFY,nyse
FLME,nyse
SYY,nyse
APGB,nyse
PTA,nyse
ZYME,nyse
EFR,nyse
KGC,nyse
SZC,nyse
FLNG,nyse
APH,nyse
PTR,nyse
CRD/A,nyse
IDE,nyse
EFT,nyse
KIM,nyse
T,nyse
FLO,nyse
APLE,nyse
PTY,nyse
SHI,nyse
IDT,nyse
EFX,nyse
KIO,nyse
TAC,nyse
APO,nyse
SHLX,nyse
PUK,nyse
IEX,nyse
EGF,nyse
TACA,nyse
KKR,nyse
APRN,nyse
SHO,nyse
PUMP,nyse
IFF,nyse
EGHT,nyse
TAK,nyse
KKRS,nyse
APSG,nyse
PV,nyse
SHOP,nyse
IFFT,nyse
EGO,nyse
KL,nyse
TAL,nyse
APTS,nyse
PVG,nyse
BOAC,nyse
SHW,nyse
IFN,nyse
EGP,nyse
TALO,nyse
KMB,nyse
BOAS,nyse
APTV,nyse
SI,nyse
IFS,nyse
KMF,nyse
EGY,nyse
TAP,nyse
BOE,nyse
AQN,nyse
SID,nyse
IGA,nyse
KMI,nyse
EHC,nyse
TARO,nyse
BOH,nyse
AQNA,nyse
SIG,nyse
IGD,nyse
EHI,nyse
KMPR,nyse
BOOT,nyse
AQNB,nyse
SII,nyse
FLOW,nyse
IGI,nyse
EHT,nyse
KMT,nyse
BORR,nyse
AQUA,nyse
SITC,nyse
FLR,nyse
IGR,nyse
EIC,nyse
KMX,nyse
BOX,nyse
AR,nyse
SITE,nyse
FLS,nyse
IGT,nyse
KN,nyse
EIG,nyse
BP,nyse
ARC,nyse
FLT,nyse
IH,nyse
CRD/B,nyse
FLY,nyse
TBA,nyse
CRH,nyse
FMAC,nyse
SIX,nyse
EIX,nyse
CRHC,nyse
IHC,nyse
FMC,nyse
KNL,nyse
ARCH,nyse
BPMP,nyse
TBB,nyse
SJI,nyse
EL,nyse
IHD,nyse
FMN,nyse
KNOP,nyse
CRI,nyse
BPT,nyse
TBC,nyse
SJIJ,nyse
ELAN,nyse
ARCO,nyse
IHG,nyse
FMO,nyse
KNX,nyse
BQ,nyse
CRK,nyse
TBI,nyse
ELAT,nyse
SJIV,nyse
ARD,nyse
IHIT,nyse
FMS,nyse
KO,nyse
BR,nyse
CRL,nyse
TCI,nyse
ELC,nyse
IHTA,nyse
SJM,nyse
ARDC,nyse
FMX,nyse
KODK,nyse
BRBR,nyse
CRM,nyse
ELF,nyse
TCS,nyse
SJR,nyse
ARE,nyse
FMY,nyse
KOF,nyse
CRS,nyse
ELP,nyse
BRC,nyse
TD,nyse
SJT,nyse
ARES,nyse
FN,nyse
IIAC,nyse
KOP,nyse
CRT,nyse
BRFS,nyse
ELS,nyse
SJW,nyse
ARGD,nyse
FNB,nyse
IIF,nyse
KOS,nyse
CRU,nyse
ELVT,nyse
ARGO,nyse
SKLZ,nyse
FND,nyse
IIIN,nyse
KR,nyse
CRY,nyse
ELY,nyse
ARI,nyse
SKM,nyse
FNF,nyse
IIM,nyse
TDA,nyse
KRA,nyse
CS,nyse
EMD,nyse
ARL,nyse
SKT,nyse
FNV,nyse
IIPR,nyse
TDC,nyse
KRC,nyse
CSAN,nyse
EME,nyse
ARLO,nyse
SKX,nyse
FOA,nyse
IMAX,nyse
TDF,nyse
KREF,nyse
CSL,nyse
EMF,nyse
ARMK,nyse
FOE,nyse
SKY,nyse
IMPX,nyse
TDG,nyse
CSLT,nyse
KRG,nyse
EMN,nyse
ARNC,nyse
SLAC,nyse
FOF,nyse
INFO,nyse
TDI,nyse
CSPR,nyse
KRO,nyse
EMO,nyse
AROC,nyse
SLB,nyse
FOR,nyse
INFY,nyse
TDOC,nyse
CSR,nyse
KRP,nyse
ARR,nyse
EMP,nyse
SLCA,nyse
TDS,nyse
FOUR,nyse
CSTA,nyse
KSM,nyse
ING,nyse
ARW,nyse
SLF,nyse
TDW,nyse
FPAC,nyse
CSTM,nyse
KSS,nyse
INGR,nyse
ASA,nyse
SLG,nyse
TDY,nyse
EMPW,nyse
FPF,nyse
CSU,nyse
KSU,nyse
INN,nyse
ASAI,nyse
SLQT,nyse
TEAF,nyse
FPH,nyse
EMR,nyse
KT,nyse
INSI,nyse
CSV,nyse
ASAN,nyse
SM,nyse
BRK/A,nyse
TECK,nyse
ENB,nyse
CTAC,nyse
KTB,nyse
FPI,nyse
INSP,nyse
ASAQ,nyse
SMAR,nyse
ENBA,nyse
TEF,nyse
FPL,nyse
KTF,nyse
INSW,nyse
ASB,nyse
SMFG,nyse
ENBL,nyse
TEI,nyse
FR,nyse
INT,nyse
ASC,nyse
SMG,nyse
ENIA,nyse
TEL,nyse
FRA,nyse
INVH,nyse
ASG,nyse
SMHI,nyse
ENIC,nyse
TEN,nyse
CTB,nyse
FRC,nyse
IO,nyse
SMLP,nyse
ENJ,nyse
TEO,nyse
CTBB,nyse
FRO,nyse
IP,nyse
SMM,nyse
ENLC,nyse
TEVA,nyse
ASGI,nyse
FRT,nyse
IPG,nyse
ENO,nyse
SMP,nyse
TEX,nyse
ASGN,nyse
IPI,nyse
ENPC,nyse
SMWB,nyse
TFC,nyse
ASH,nyse
IPOD,nyse
FRX,nyse
ENR,nyse
SNA,nyse
TFII,nyse
ASIX,nyse
FRXB,nyse
KTH,nyse
ENS,nyse
SNAP,nyse
TFSA,nyse
FSD,nyse
ENV,nyse
SNDR,nyse
TFX,nyse
FSK,nyse
ENVA,nyse
TG,nyse
IPOE,nyse
FSKR,nyse
ENZ,nyse
BRK/B,nyse
TGH,nyse
IPOF,nyse
CTDD,nyse
EOD,nyse
BRMK,nyse
TGI,nyse
IPVA,nyse
ASPL,nyse
CTK,nyse
EOG,nyse
BRO,nyse
SNII,nyse
IPVF,nyse
TGNA,nyse
ASPN,nyse
CTLT,nyse
EOI,nyse
BRT,nyse
SNN,nyse
IQI,nyse
TGP,nyse
ASR,nyse
CTO,nyse
EOS,nyse
BRX,nyse
SNOW,nyse
IQV,nyse
TGS,nyse
CTOS,nyse
ASX,nyse
EOT,nyse
BSA,nyse
KTN,nyse
IR,nyse
TGT,nyse
CTR,nyse
ASZ,nyse
EPAC,nyse
BSAC,nyse
KUKE,nyse
CTS,nyse
THC,nyse
EPAM,nyse
BSBR,nyse
KW,nyse
THG,nyse
EPC,nyse
FSLF,nyse
BSIG,nyse
KWAC,nyse
THO,nyse
EPD,nyse
FSLY,nyse
BSL,nyse
KWR,nyse
IRL,nyse
THQ,nyse
FSM,nyse
EPR,nyse
BSM,nyse
KYN,nyse
IRM,nyse
THR,nyse
EPRT,nyse
BSMX,nyse
L,nyse
THS,nyse
EPWR,nyse
LAC,nyse
SNP,nyse
THW,nyse
EQC,nyse
BSN,nyse
LAD,nyse
TIMB,nyse
EQD,nyse
ATA,nyse
BST,nyse
LADR,nyse
TINV,nyse
EQH,nyse
CTT,nyse
BSTZ,nyse
LAIX,nyse
TISI,nyse
EQHA,nyse
CTVA,nyse
IRR,nyse
BSX,nyse
LAZ,nyse
TIXT,nyse
EQNR,nyse
CUB,nyse
IRS,nyse
BTA,nyse
LB,nyse
TJX,nyse
SNPR,nyse
EQR,nyse
CUBB,nyse
FSNB,nyse
IRT,nyse
LBRT,nyse
BTCM,nyse
TK,nyse
CUBE,nyse
FSR,nyse
ISD,nyse
EQS,nyse
LC,nyse
BTI,nyse
TKC,nyse
FSS,nyse
CUBI,nyse
EQT,nyse
SNR,nyse
LCI,nyse
TKR,nyse
BTO,nyse
FST,nyse
ERF,nyse
CUK,nyse
SNV,nyse
LCII,nyse
TLGA,nyse
BTT,nyse
ERJ,nyse
ATAQ,nyse
FT,nyse
SNX,nyse
CULP,nyse
LDI,nyse
TLK,nyse
BTU,nyse
ATC,nyse
ES,nyse
FTAI,nyse
CURO,nyse
SO,nyse
TLYS,nyse
BTZ,nyse
ATCO,nyse
FTCH,nyse
ESE,nyse
CUZ,nyse
BUD,nyse
TM,nyse
LDL,nyse
FTEV,nyse
ATEN,nyse
CVA,nyse
TMAC,nyse
BUI,nyse
LDOS,nyse
ATGE,nyse
CVE,nyse
TME,nyse
BUR,nyse
LDP,nyse
ATH,nyse
CVEO,nyse
TMHC,nyse
ISOS,nyse
FTHY,nyse
BURL,nyse
LEA,nyse
CVI,nyse
IT,nyse
TMO,nyse
FTI,nyse
BV,nyse
BVH,nyse
TMST,nyse
CVII,nyse
ITCB,nyse
FTK,nyse
TMX,nyse
BVN,nyse
CVNA,nyse
ITGR,nyse
FTS,nyse
TNC,nyse
BW,nyse
CVS,nyse
FTV,nyse
ITT,nyse
LEAF,nyse
SOAC,nyse
TNET,nyse
BWA,nyse
ESGC,nyse
CVX,nyse
FUBO,nyse
ITUB,nyse
LEAP,nyse
SOGO,nyse
TNK,nyse
BWG,nyse
ESI,nyse
CW,nyse
ITW,nyse
FUL,nyse
SOI,nyse
LEG,nyse
TNL,nyse
ESM,nyse
BWSN,nyse
IVAN,nyse
CWEN,nyse
FUN,nyse
LEJU,nyse
TNP,nyse
BWXT,nyse
IVC,nyse
CWH,nyse
ESNT,nyse
LEN,nyse
BX,nyse
TOL,nyse
IVH,nyse
ESRT,nyse
LEO,nyse
FUSE,nyse
BXC,nyse
IVR,nyse
ESS,nyse
LEV,nyse
FVIV,nyse
BXMT,nyse
ESTC,nyse
IVZ,nyse
LEVI,nyse
FVRR,nyse
ESTE,nyse
BXMX,nyse
IX,nyse
LFC,nyse
ET,nyse
FVT,nyse
BXP,nyse
J,nyse
LFT,nyse
ETB,nyse
BXS,nyse
LGI,nyse
ETG,nyse
BY,nyse
LGV,nyse
JAX,nyse
BYD,nyse
ETH,nyse
LH,nyse
JBGS,nyse
ETJ,nyse
BYM,nyse
LHC,nyse
BZH,nyse
ETN,nyse
LHX,nyse
ETO,nyse
C,nyse
LII,nyse
ETR,nyse
CAAP,nyse
TOT,nyse
CABO,nyse
FZT,nyse
TPB,nyse
CACI,nyse
G,nyse
TPC,nyse
CADE,nyse
GAB,nyse
CAE,nyse
GAM,nyse
JBK,nyse
CAF,nyse
GAPA,nyse
JBL,nyse
CAG,nyse
GATO,nyse
JBT,nyse
CAH,nyse
LIII,nyse
GATX,nyse
JCE,nyse
CAI,nyse
GB,nyse
LIN,nyse
JCI,nyse
GBAB,nyse
LINX,nyse
GBL,nyse
LITB,nyse
JCO,nyse
GBX,nyse
LL,nyse
GCI,nyse
TPGS,nyse
LLY,nyse
TPGY,nyse
GCO,nyse
LMND,nyse
TPH,nyse
GCP,nyse
LMT,nyse
TPL,nyse
GCV,nyse
LNC,nyse
TPR,nyse
GD,nyse
LND,nyse
TPVG,nyse
GDDY,nyse
LNFA,nyse
LNN,nyse
TPX,nyse
LOKB,nyse
TPZ,nyse
JDD,nyse
GDL,nyse
LOKM,nyse
TR,nyse
JEF,nyse
GDO,nyse
LOMA,nyse
JELD,nyse
TRC,nyse
GDOT,nyse
LOW,nyse
JEMD,nyse
GDV,nyse
JEQ,nyse
LPG,nyse
GE,nyse
LPI,nyse
JFR,nyse
GEF,nyse
LPL,nyse
JGH,nyse
GEL,nyse
LPX,nyse
GENI,nyse
LRN,nyse
JHAA,nyse
GEO,nyse
LSI,nyse
GER,nyse
LSPD,nyse
TRCA,nyse
GES,nyse
LTC,nyse
LTHM,nyse
TREB,nyse
LU,nyse
TREC,nyse
LUB,nyse
GF,nyse
TREX,nyse
LUMN,nyse
GFF,nyse
TRGP,nyse
LUV,nyse
GFI,nyse
TRI,nyse
LVS,nyse
GFL,nyse
LW,nyse
TRN,nyse
JHB,nyse
LXP,nyse
TRNO,nyse
JHG,nyse
LXU,nyse
TROX,nyse
JHI,nyse
LYB,nyse
TRP,nyse
TRQ,nyse
TRTN,nyse
TRTX,nyse
LYG,nyse
TRU,nyse
LYV,nyse
GFLU,nyse
TRV,nyse
LZB,nyse
GFX,nyse
TS,nyse
M,nyse
GGB,nyse
TSE,nyse
MA,nyse
GGG,nyse
TSI,nyse
MAA,nyse
TSLX,nyse
MAC,nyse
TSM,nyse
MACC,nyse
TSN,nyse
MAIN,nyse
TSPQ,nyse
MAN,nyse
TSQ,nyse
MANU,nyse
TT,nyse
MAS,nyse
TTC,nyse
GGM,nyse
MATX,nyse
TTI,nyse
GGT,nyse
MAV,nyse
TTM,nyse
GGZ,nyse
MAX,nyse
TTP,nyse
GHC,nyse
MAXR,nyse
TU,nyse
GHG,nyse
MBAC,nyse
TUFN,nyse
GHL,nyse
MBI,nyse
TUP,nyse
GHLD,nyse
MBT,nyse
TUYA,nyse
GHM,nyse
MC,nyse
TV,nyse
GHY,nyse
TVC,nyse
GIB,nyse
TVE,nyse
MCA,nyse
GIL,nyse
TWI,nyse
MCB,nyse
GIM,nyse
TWLO,nyse
MCD,nyse
GIS,nyse
TWN,nyse
MCI,nyse
TWND,nyse
MCK,nyse
TWNI,nyse
MCN,nyse
MCO,nyse
MCR,nyse
MCS,nyse
TWNT,nyse
MCY,nyse
TWO,nyse
MD,nyse
TWOA,nyse
MDC,nyse
TWTR,nyse
MDH,nyse
GIX,nyse
TX,nyse
MDLA,nyse
TXT,nyse
TY,nyse
GJH,nyse
MDLQ,nyse
MDLX,nyse
MDLY,nyse
MDP,nyse
MDT,nyse
MDU,nyse
MEC,nyse
MED,nyse
GJO,nyse
MEG,nyse
MEI,nyse
MET,nyse
MFA,nyse
MFC,nyse
MFD,nyse
MFG,nyse
MFGP,nyse
MFL,nyse
GJS,nyse
MFM,nyse
MFV,nyse
MG,nyse
MGA,nyse
MGF,nyse
MGM,nyse
MGP,nyse
MGR,nyse
GJT,nyse
GKOS,nyse
MGRB,nyse
GL,nyse
MGU,nyse
GLEO,nyse
MGY,nyse
GLOB,nyse
MHD,nyse
MHF,nyse
MHI,nyse
MHK,nyse
GLOG,nyse
MHLA,nyse
GLOP,nyse
MHN,nyse
GLP,nyse
MHNC,nyse
GLT,nyse
MHO,nyse
GLW,nyse
MIC,nyse
GM,nyse
GME,nyse
GMED,nyse
GMRE,nyse
GMS,nyse
GMTA,nyse
GNE,nyse
GNK,nyse
MIE,nyse
GNL,nyse
MIN,nyse
MIT,nyse
MITT,nyse
GNPK,nyse
GNRC,nyse
GNT,nyse
GNW,nyse
GOAC,nyse
GOF,nyse
GOL,nyse
GOLD,nyse
GOLF,nyse
GOOS,nyse
