,id,name,symbol,category,description,slug,logo,tags,tag-names,tag-groups,date_added,price,volume_24h,volume_change_24h,percent_change_1h,percent_change_24h,percent_change_7d,percent_change_30d,percent_change_60d,percent_change_90d,market_cap,market_cap_dominance,fully_diluted_market_cap,last_updated,buy_percentage,sell_percentage,transaction_frequency,retention_days
0,1.0,Bitcoin,BTC,coin,"Bitcoin (BTC) is a cryptocurrency . Users are able to generate BTC through the process of mining. Bitcoin has a current supply of 18,954,812. The last known price of Bitcoin is 43,611.43874198 USD and is down -2.58 over the last 24 hours. It is currently trading on 9141 active market(s) with $35,125,613,495.04 traded over the last 24 hours. More information can be found at https://bitcoin.org/.",bitcoin,https://s2.coinmarketcap.com/static/img/coins/64x64/1.png,"['mineable', 'pow', 'sha-256', 'store-of-value', 'state-channel', 'coinbase-ventures-portfolio', 'three-arrows-capital-portfolio', 'polychain-capital-portfolio', 'binance-labs-portfolio', 'blockchain-capital-portfolio', 'boostvc-portfolio', 'cms-holdings-portfolio', 'dcg-portfolio', 'dragonfly-capital-portfolio', 'electric-capital-portfolio', 'fabric-ventures-portfolio', 'framework-ventures-portfolio', 'galaxy-digital-portfolio', 'huobi-capital-portfolio', 'alameda-research-portfolio', 'a16z-portfolio', '1confirmation-portfolio', 'winklevoss-capital-portfolio', 'usv-portfolio', 'placeholder-ventures-portfolio', 'pantera-capital-portfolio', 'multicoin-capital-portfolio', 'paradigm-portfolio']","['Mineable', 'PoW', 'SHA-256', 'Store Of Value', 'State Channel', 'Coinbase Ventures Portfolio', 'Three Arrows Capital Portfolio', 'Polychain Capital Portfolio', 'Binance Labs Portfolio', 'Blockchain Capital Portfolio', 'BoostVC Portfolio', 'CMS Holdings Portfolio', 'DCG Portfolio', 'DragonFly Capital Portfolio', 'Electric Capital Portfolio', 'Fabric Ventures Portfolio', 'Framework Ventures Portfolio', 'Galaxy Digital Portfolio', 'Huobi Capital Portfolio', 'Alameda Research Portfolio', 'a16z Portfolio', '1Confirmation Portfolio', 'Winklevoss Capital Portfolio', 'USV Portfolio', 'Placeholder Ventures Portfolio', 'Pantera Capital Portfolio', 'Multicoin Capital Portfolio', 'Paradigm Portfolio']","['OTHERS', 'ALGORITHM', 'ALGORITHM', 'CATEGORY', 'CATEGORY', 'CATEGORY', 'CATEGORY', 'CATEGORY', 'CATEGORY', 'CATEGORY', 'CATEGORY', 'CATEGORY', 'CATEGORY', 'CATEGORY', 'CATEGORY', 'CATEGORY', 'CATEGORY', 'CATEGORY', 'CATEGORY', 'CATEGORY', 'CATEGORY', 'CATEGORY', 'CATEGORY', 'CATEGORY', 'CATEGORY', 'CATEGORY', 'CATEGORY', 'CATEGORY']",2013-04-28T00:00:00.000Z,43601.63879505458,35136322489.0848,49.8865,0.26895253,-2.46935186,14.81589528,0.99369495,-10.51717775,-31.44959539,826460866252.1661,41.7727,915634414696.15,2022-02-11T12:41:00.000Z,0.6109386040993358,0.3890613959006642,5000.0,3.0
1,2.0,Litecoin,LTC,coin,"Litecoin (LTC) is a cryptocurrency . Users are able to generate LTC through the process of mining. Litecoin has a current supply of 84,000,000 with 69,615,831.9948378 in circulation. The last known price of Litecoin is 133.73928507 USD and is down -5.71 over the last 24 hours. It is currently trading on 732 active market(s) with $1,406,433,228.00 traded over the last 24 hours. More information can be found at https://litecoin.org/.",litecoin,https://s2.coinmarketcap.com/static/img/coins/64x64/2.png,"['mineable', 'pow', 'scrypt', 'medium-of-exchange', 'binance-chain', 'binance-smart-chain']","['Mineable', 'PoW', 'Scrypt', 'Medium of Exchange', 'Binance Chain', 'Binance Smart Chain Ecosystem']","['OTHERS', 'ALGORITHM', 'ALGORITHM', 'INDUSTRY', 'PLATFORM', 'PLATFORM']",2013-04-28T00:00:00.000Z,133.73207109533357,1408006194.411957,45.8632,0.46313528,-5.48752279,18.67789456,-0.89630291,-13.63154045,-45.90967743,9309869393.694447,0.4706,11233493972.01,2022-02-11T12:41:00.000Z,0.5667108708742308,0.43328912912576917,5000.0,3.0
2,52.0,XRP,XRP,coin,"XRP (XRP) is a cryptocurrency . XRP has a current supply of 99,989,769,444 with 47,832,461,678 in circulation. The last known price of XRP is 0.81962809 USD and is down -7.00 over the last 24 hours. It is currently trading on 678 active market(s) with $3,799,565,055.15 traded over the last 24 hours. More information can be found at https://xrpl.org/.",xrp,https://s2.coinmarketcap.com/static/img/coins/64x64/52.png,"['medium-of-exchange', 'enterprise-solutions', 'binance-chain', 'arrington-xrp-capital-portfolio', 'galaxy-digital-portfolio', 'a16z-portfolio', 'pantera-capital-portfolio']","['Medium of Exchange', 'Enterprise Solutions', 'Binance Chain', 'Arrington XRP Capital Portfolio', 'Galaxy Digital Portfolio', 'a16z Portfolio', 'Pantera Capital Portfolio']","['INDUSTRY', 'INDUSTRY', 'PLATFORM', 'CATEGORY', 'CATEGORY', 'CATEGORY', 'CATEGORY']",2013-08-04T00:00:00.000Z,0.8183311865283075,3791973446.6369553,2.3269,-0.15720492,-7.03184141,32.92399799,5.28621321,-0.76297754,-30.39117238,39142795119.527534,1.9784,81833118652.83,2022-02-11T12:41:00.000Z,0.49658434296382475,0.5034156570361754,5000.0,3.0
3,74.0,Dogecoin,DOGE,coin,"Dogecoin (DOGE) is a cryptocurrency . Users are able to generate DOGE through the process of mining. Dogecoin has a current supply of 132,670,764,299.89409. The last known price of Dogecoin is 0.15310489 USD and is down -3.69 over the last 24 hours. It is currently trading on 445 active market(s) with $993,642,123.42 traded over the last 24 hours. More information can be found at http://dogecoin.com/.",dogecoin,https://s2.coinmarketcap.com/static/img/coins/64x64/74.png,"['mineable', 'pow', 'scrypt', 'medium-of-exchange', 'memes', 'payments', 'binance-smart-chain', 'doggone-doggerel']","['Mineable', 'PoW', 'Scrypt', 'Medium of Exchange', 'Memes', 'Payments', 'Binance Smart Chain Ecosystem', 'Doggone Doggerel']","['OTHERS', 'ALGORITHM', 'ALGORITHM', 'INDUSTRY', 'INDUSTRY', 'INDUSTRY', 'PLATFORM', 'CATEGORY']",2013-12-15T00:00:00.000Z,0.1529739880578703,992592282.451255,7.3931,0.06361628,-3.60959241,9.54971425,-2.37535018,-6.99296501,-40.54025581,20295175913.640522,1.0256,20295175913.64,2022-02-11T12:41:00.000Z,0.5474357714408341,0.45256422855916584,5000.0,3.0
4,131.0,Dash,DASH,coin,"Dash (DASH) is a cryptocurrency launched in 2014. Users are able to generate DASH through the process of mining. Dash has a current supply of 10,573,900.41913704. The last known price of Dash is 113.63853417 USD and is down -2.96 over the last 24 hours. It is currently trading on 325 active market(s) with $204,838,542.20 traded over the last 24 hours. More information can be found at https://www.dash.org/.",dash,https://s2.coinmarketcap.com/static/img/coins/64x64/131.png,"['mineable', 'hybrid-pow-pos', 'x11', 'medium-of-exchange', 'masternodes', 'dao', 'governance']","['Mineable', 'Hybrid - PoW & PoS', 'X11', 'Medium of Exchange', 'Masternodes', 'DAO', 'Governance']","['OTHERS', 'ALGORITHM', 'ALGORITHM', 'INDUSTRY', 'CATEGORY', 'CATEGORY', 'CATEGORY']",2014-02-14T00:00:00.000Z,113.54259565853695,204434778.45740747,8.7075,0.31871231,-2.78479604,14.9635262,-20.16327969,-14.97782315,-47.97817347,1200588099.8237114,0.0607,2145955057.95,2022-02-11T12:41:00.000Z,0.5768119939041029,0.4231880060958972,1856.0,3.0
5,328.0,Monero,XMR,coin,"Monero (XMR) is a cryptocurrency . Users are able to generate XMR through the process of mining. Monero has a current supply of 18,077,168.13252585. The last known price of Monero is 180.02999095 USD and is down -2.23 over the last 24 hours. It is currently trading on 167 active market(s) with $177,349,828.22 traded over the last 24 hours. More information can be found at https://www.getmonero.org/.",monero,https://s2.coinmarketcap.com/static/img/coins/64x64/328.png,"['mineable', 'pow', 'medium-of-exchange', 'privacy', 'ringct', 'boostvc-portfolio', 'electric-capital-portfolio', 'galaxy-digital-portfolio']","['Mineable', 'PoW', 'Medium of Exchange', 'Privacy', 'RingCT', 'BoostVC Portfolio', 'Electric Capital Portfolio', 'Galaxy Digital Portfolio']","['OTHERS', 'ALGORITHM', 'INDUSTRY', 'CATEGORY', 'CATEGORY', 'CATEGORY', 'CATEGORY', 'CATEGORY']",2014-05-21T00:00:00.000Z,180.11054307476968,177209521.25361982,16.1303,0.15442046,-1.94552206,15.14186854,-9.02708084,-6.48526227,-31.49428622,3255888569.603151,0.1645,3255888569.6,2022-02-11T12:41:00.000Z,0.5145731091168971,0.4854268908831028,2126.0,3.0
6,512.0,Stellar,XLM,coin,"Stellar (XLM) is a cryptocurrency . Stellar has a current supply of 50,001,802,216.434555 with 24,892,876,597.866615 in circulation. The last known price of Stellar is 0.22957253 USD and is down -4.61 over the last 24 hours. It is currently trading on 402 active market(s) with $394,341,927.98 traded over the last 24 hours. More information can be found at https://www.stellar.org.",stellar,https://s2.coinmarketcap.com/static/img/coins/64x64/512.png,"['medium-of-exchange', 'enterprise-solutions', 'decentralized-exchange', 'smart-contracts', 'hashkey-capital-portfolio']","['Medium of Exchange', 'Enterprise Solutions', 'Decentralized Exchange', 'Smart Contracts', 'Hashkey Capital Portfolio']","['INDUSTRY', 'INDUSTRY', 'CATEGORY', 'CATEGORY', 'CATEGORY']",2014-08-05T00:00:00.000Z,0.22943105573223893,392344636.1527788,14.3724,0.26731951,-4.5258453,15.33578852,-15.6433509,-13.08518901,-38.65679123,5711198958.060882,0.2886,11471967325.4,2022-02-11T12:41:00.000Z,0.45039240275364706,0.549607597246353,5000.0,3.0
7,825.0,Tether,USDT,token,"Tether (USDT) is a cryptocurrency and operates on the Ethereum platform. Tether has a current supply of 81,074,697,052.59753 with 78,385,451,172.84462 in circulation. The last known price of Tether is 1.0006475 USD and is up -0.00 over the last 24 hours. It is currently trading on 27696 active market(s) with $81,222,627,296.93 traded over the last 24 hours. More information can be found at https://tether.to.",tether,https://s2.coinmarketcap.com/static/img/coins/64x64/825.png,"['payments', 'stablecoin', 'asset-backed-stablecoin', 'binance-smart-chain', 'avalanche-ecosystem', 'solana-ecosystem', 'moonriver-ecosystem']","['Payments', 'Stablecoin', 'Asset-Backed Stablecoin', 'Binance Smart Chain Ecosystem', 'Avalanche Ecosystem', 'Solana Ecosystem', 'Moonriver Ecosystem']","['INDUSTRY', 'CATEGORY', 'CATEGORY', 'PLATFORM', 'PLATFORM', 'PLATFORM', 'CATEGORY']",2015-02-25T00:00:00.000Z,1.0006263206258756,81144662398.71727,32.6498,0.0067255,0.00141438,0.00288201,0.00653389,-0.01819851,-0.01216468,78434545597.68274,3.9636,81125475807.6,2022-02-11T12:41:00.000Z,0.2780013627531506,0.7219986372468492,5000.0,3.0
8,873.0,NEM,XEM,coin,"NEM (XEM) is a cryptocurrency . NEM has a current supply of 8,999,999,999. The last known price of NEM is 0.11543118 USD and is down -2.95 over the last 24 hours. It is currently trading on 120 active market(s) with $29,198,587.79 traded over the last 24 hours. More information can be found at http://nem.io.",nem,https://s2.coinmarketcap.com/static/img/coins/64x64/873.png,"['poi', 'medium-of-exchange', 'payments', 'smart-contracts', 'fantom-ecosystem']","['PoI', 'Medium of Exchange', 'Payments', 'Smart Contracts', 'Fantom Ecosystem']","['ALGORITHM', 'INDUSTRY', 'INDUSTRY', 'CATEGORY', 'PLATFORM']",2015-04-01T00:00:00.000Z,0.11548726692306105,29109729.33272532,4.1767,0.23687642,-2.77799843,9.9456733,-1.82007769,-10.80933698,-38.58826538,1039385402.1920621,0.0525,1039385402.19,2022-02-11T12:41:00.000Z,,,,3.0
9,1027.0,Ethereum,ETH,coin,"Ethereum (ETH) is a cryptocurrency . Users are able to generate ETH through the process of mining. Ethereum has a current supply of 119,535,874.1865. The last known price of Ethereum is 3,113.8406872 USD and is down -4.05 over the last 24 hours. It is currently trading on 5494 active market(s) with $19,539,758,739.69 traded over the last 24 hours. More information can be found at https://www.ethereum.org/.",ethereum,https://s2.coinmarketcap.com/static/img/coins/64x64/1027.png,"['mineable', 'pow', 'smart-contracts', 'ethereum-ecosystem', 'binance-smart-chain', 'coinbase-ventures-portfolio', 'three-arrows-capital-portfolio', 'polychain-capital-portfolio', 'binance-labs-portfolio', 'blockchain-capital-portfolio', 'boostvc-portfolio', 'cms-holdings-portfolio', 'dcg-portfolio', 'dragonfly-capital-portfolio', 'electric-capital-portfolio', 'fabric-ventures-portfolio', 'framework-ventures-portfolio', 'hashkey-capital-portfolio', 'kenetic-capital-portfolio', 'huobi-capital-portfolio', 'alameda-research-portfolio', 'a16z-portfolio', '1confirmation-portfolio', 'winklevoss-capital-portfolio', 'usv-portfolio', 'placeholder-ventures-portfolio', 'pantera-capital-portfolio', 'multicoin-capital-portfolio', 'paradigm-portfolio']","['Mineable', 'PoW', 'Smart Contracts', 'Ethereum Ecosystem', 'Binance Smart Chain Ecosystem', 'Coinbase Ventures Portfolio', 'Three Arrows Capital Portfolio', 'Polychain Capital Portfolio', 'Binance Labs Portfolio', 'Blockchain Capital Portfolio', 'BoostVC Portfolio', 'CMS Holdings Portfolio', 'DCG Portfolio', 'DragonFly Capital Portfolio', 'Electric Capital Portfolio', 'Fabric Ventures Portfolio', 'Framework Ventures Portfolio', 'Hashkey Capital Portfolio', 'Kenetic Capital Portfolio', 'Huobi Capital Portfolio', 'Alameda Research Portfolio', 'a16z Portfolio', '1Confirmation Portfolio', 'Winklevoss Capital Portfolio', 'USV Portfolio', 'Placeholder Ventures Portfolio', 'Pantera Capital Portfolio', 'Multicoin Capital Portfolio', 'Paradigm Portfolio']","['OTHERS', 'ALGORITHM', 'CATEGORY', 'PLATFORM', 'PLATFORM', 'CATEGORY', 'CATEGORY', 'CATEGORY', 'CATEGORY', 'CATEGORY', 'CATEGORY', 'CATEGORY', 'CATEGORY', 'CATEGORY', 'CATEGORY', 'CATEGORY', 'CATEGORY', 'CATEGORY', 'CATEGORY', 'CATEGORY', 'CATEGORY', 'CATEGORY', 'CATEGORY', 'CATEGORY', 'CATEGORY', 'CATEGORY', 'CATEGORY', 'CATEGORY', 'CATEGORY']",2015-08-07T00:00:00.000Z,3110.9011029703693,19529456754.10563,40.1932,0.26633161,-4.02268627,9.53661575,-5.94221879,-22.12696884,-32.55701493,371864282851.3101,18.7955,371864282851.31,2022-02-11T12:41:00.000Z,0.5314951382256325,0.46850486177436745,5000,3.0
10,1274.0,Waves,WAVES,coin,"Waves (WAVES) is a cryptocurrency launched in 2016. Waves has a current supply of 107,464,048. The last known price of Waves is 10.76666871 USD and is down -8.87 over the last 24 hours. It is currently trading on 157 active market(s) with $220,769,533.18 traded over the last 24 hours. More information can be found at https://waves.tech/.",waves,https://s2.coinmarketcap.com/static/img/coins/64x64/1274.png,"['lpos', 'platform', 'smart-contracts']","['LPoS', 'Platform', 'Smart Contracts']","['ALGORITHM', 'CATEGORY', 'CATEGORY']",2016-06-02T00:00:00.000Z,10.762013437763038,220462779.58558658,-48.782,0.12510167,-8.71854816,19.81912287,-27.14945802,-31.91120892,-53.97871517,1156529528.6524122,0.0584,1156529528.65,2022-02-11T12:41:00.000Z,0.4339783578211768,0.5660216421788233,113,3.0
11,1321.0,Ethereum Classic,ETC,coin,"Ethereum Classic (ETC) is a cryptocurrency . Users are able to generate ETC through the process of mining. Ethereum Classic has a current supply of 210,700,000 with 132,875,198.8441416 in circulation. The last known price of Ethereum Classic is 36.60440569 USD and is up 0.68 over the last 24 hours. It is currently trading on 286 active market(s) with $1,325,240,799.33 traded over the last 24 hours. More information can be found at https://ethereumclassic.org/.",ethereum-classic,https://s2.coinmarketcap.com/static/img/coins/64x64/1321.png,"['mineable', 'pow', 'ethash', 'platform', 'smart-contracts', 'binance-smart-chain', 'dcg-portfolio']","['Mineable', 'PoW', 'Ethash', 'Platform', 'Smart Contracts', 'Binance Smart Chain Ecosystem', 'DCG Portfolio']","['OTHERS', 'ALGORITHM', 'ALGORITHM', 'CATEGORY', 'CATEGORY', 'PLATFORM', 'CATEGORY']",2016-07-24T00:00:00.000Z,36.49381826490002,1323244442.117207,44.5965,-0.52544606,0.48199791,29.50602713,19.91029233,-0.37715175,-33.79001293,4849123358.530557,0.245,7689247508.41,2022-02-11T12:41:00.000Z,0.5508861497772493,0.44911385022275074,5000,3.0
12,1376.0,Neo,NEO,coin,"Neo (NEO) is a cryptocurrency . Neo has a current supply of 100,000,000 with 70,538,831 in circulation. The last known price of Neo is 24.56737936 USD and is down -2.12 over the last 24 hours. It is currently trading on 239 active market(s) with $191,373,359.19 traded over the last 24 hours. More information can be found at https://neo.org/.",neo,https://s2.coinmarketcap.com/static/img/coins/64x64/1376.png,"['platform', 'enterprise-solutions', 'smart-contracts']","['Platform', 'Enterprise Solutions', 'Smart Contracts']","['CATEGORY', 'INDUSTRY', 'CATEGORY']",2016-09-08T00:00:00.000Z,24.54730337411195,189989135.77020335,-10.4116,0.22479592,-2.51878113,11.88778985,0.95268663,-9.01254442,-48.98730659,1731538084.2122128,0.0875,2454730337.41,2022-02-11T12:41:00.000Z,0.5118397262120791,0.4881602737879209,958,3.0
13,1437.0,Zcash,ZEC,coin,"Zcash (ZEC) is a cryptocurrency . Users are able to generate ZEC through the process of mining. Zcash has a current supply of 13,721,987.5. The last known price of Zcash is 129.68495708 USD and is up 0.99 over the last 24 hours. It is currently trading on 242 active market(s) with $404,704,853.88 traded over the last 24 hours. More information can be found at https://z.cash/.",zcash,https://s2.coinmarketcap.com/static/img/coins/64x64/1437.png,"['mineable', 'pow', 'equihash', 'medium-of-exchange', 'privacy', 'zero-knowledge-proofs', 'binance-chain', 'binance-smart-chain', 'boostvc-portfolio', 'dcg-portfolio', 'electric-capital-portfolio', 'fenbushi-capital-portfolio', 'hashkey-capital-portfolio', 'winklevoss-capital-portfolio', 'placeholder-ventures-portfolio', 'pantera-capital-portfolio']","['Mineable', 'PoW', 'Equihash', 'Medium of Exchange', 'Privacy', 'Zero Knowledge Proofs', 'Binance Chain', 'Binance Smart Chain Ecosystem', 'BoostVC Portfolio', 'DCG Portfolio', 'Electric Capital Portfolio', 'Fenbushi Capital Portfolio', 'Hashkey Capital Portfolio', 'Winklevoss Capital Portfolio', 'Placeholder Ventures Portfolio', 'Pantera Capital Portfolio']","['OTHERS', 'ALGORITHM', 'ALGORITHM', 'INDUSTRY', 'CATEGORY', 'CATEGORY', 'PLATFORM', 'PLATFORM', 'CATEGORY', 'CATEGORY', 'CATEGORY', 'CATEGORY', 'CATEGORY', 'CATEGORY', 'CATEGORY', 'CATEGORY']",2016-10-29T00:00:00.000Z,129.54396742207211,405360775.15068305,39.5356,1.21294186,1.11787343,27.66668099,-9.29794315,-21.61738697,-36.75058892,1777600701.6660807,0.0898,2720423315.86,2022-02-11T12:41:00.000Z,0.5035987453753824,0.4964012546246174,5000,3.0
14,1518.0,Maker,MKR,token,"Maker (MKR) is a cryptocurrency and operates on the Ethereum platform. Maker has a current supply of 977,631.03695089. The last known price of Maker is 2,116.53759471 USD and is down -8.41 over the last 24 hours. It is currently trading on 235 active market(s) with $86,614,672.86 traded over the last 24 hours. More information can be found at https://makerdao.com/.",maker,https://s2.coinmarketcap.com/static/img/coins/64x64/1518.png,"['store-of-value', 'defi', 'dao', 'binance-smart-chain', 'polychain-capital-portfolio', 'governance', 'lending-borowing', 'dragonfly-capital-portfolio', 'electric-capital-portfolio', 'a16z-portfolio', '1confirmation-portfolio', 'placeholder-ventures-portfolio', 'pantera-capital-portfolio', 'paradigm-portfolio', 'near-protocol-ecosystem', 'spartan-group']","['Store Of Value', 'DeFi', 'DAO', 'Binance Smart Chain Ecosystem', 'Polychain Capital Portfolio', 'Governance', 'Lending & Borrowing', 'DragonFly Capital Portfolio', 'Electric Capital Portfolio', 'a16z Portfolio', '1Confirmation Portfolio', 'Placeholder Ventures Portfolio', 'Pantera Capital Portfolio', 'Paradigm Portfolio', 'Near Protocol Ecosystem', 'Spartan Group']","['CATEGORY', 'CATEGORY', 'CATEGORY', 'PLATFORM', 'CATEGORY', 'CATEGORY', 'CATEGORY', 'CATEGORY', 'CATEGORY', 'CATEGORY', 'CATEGORY', 'CATEGORY', 'CATEGORY', 'CATEGORY', 'CATEGORY', 'CATEGORY']",2017-01-29T00:00:00.000Z,2116.704155746506,86687980.49745125,28.6664,0.39521914,-8.18834355,-7.49717219,-0.64971749,-11.92003391,-28.41710043,2069355678.7007146,0.1046,2128509014.82,2022-02-11T12:41:00.000Z,0.6392399589016337,0.3607600410983664,3245,3.0
15,1697.0,Basic Attention Token,BAT,token,"Basic Attention Token (BAT) is a cryptocurrency and operates on the Ethereum platform. Basic Attention Token has a current supply of 1,500,000,000 with 1,495,079,069.4473505 in circulation. The last known price of Basic Attention Token is 0.88415921 USD and is down -5.26 over the last 24 hours. It is currently trading on 280 active market(s) with $146,334,518.35 traded over the last 24 hours. More information can be found at https://basicattentiontoken.org/.",basic-attention-token,https://s2.coinmarketcap.com/static/img/coins/64x64/1697.png,"['marketing', 'content-creation', 'defi', 'payments', 'binance-smart-chain', 'dcg-portfolio', '1confirmation-portfolio', 'pantera-capital-portfolio', 'web3']","['Marketing', 'Content Creation', 'DeFi', 'Payments', 'Binance Smart Chain Ecosystem', 'DCG Portfolio', '1Confirmation Portfolio', 'Pantera Capital Portfolio', 'Web3']","['INDUSTRY', 'INDUSTRY', 'CATEGORY', 'INDUSTRY', 'PLATFORM', 'CATEGORY', 'CATEGORY', 'CATEGORY', 'INDUSTRY']",2017-06-01T00:00:00.000Z,0.8836654655831748,146438899.38464037,54.581,0.41158586,-5.21828924,2.73267253,-19.16047,-20.85489843,-26.49194059,1321149741.9868526,0.0668,1325498198.37,2022-02-11T12:41:00.000Z,0.5671068965931967,0.4328931034068033,2612,3.0
16,1720.0,IOTA,MIOTA,coin,"IOTA (MIOTA) is a cryptocurrency launched in 2015. IOTA has a current supply of 2,779,530,283. The last known price of IOTA is 0.96846137 USD and is down -3.70 over the last 24 hours. It is currently trading on 72 active market(s) with $53,409,029.22 traded over the last 24 hours. More information can be found at https://www.iota.org/.",iota,https://s2.coinmarketcap.com/static/img/coins/64x64/1720.png,"['dag', 'medium-of-exchange', 'iot', 'sharing-economy', 'binance-smart-chain']","['DAG', 'Medium of Exchange', 'IoT', 'Sharing Economy', 'Binance Smart Chain Ecosystem']","['ALGORITHM', 'INDUSTRY', 'INDUSTRY', 'INDUSTRY', 'PLATFORM']",2017-06-13T00:00:00.000Z,0.9701431619672382,53268528.33399931,-11.6238,0.95016452,-3.28570186,4.81904691,-18.04157459,-12.85543163,-25.3593145,2696542297.5333123,0.1363,2696542297.53,2022-02-11T12:41:00.000Z,,,,3.0
17,1765.0,EOS,EOS,coin,"EOS (EOS) is a cryptocurrency . EOS has a current supply of 1,046,804,935.4817 with 980,218,710.1522 in circulation. The last known price of EOS is 2.58360614 USD and is down -4.82 over the last 24 hours. It is currently trading on 422 active market(s) with $542,705,358.72 traded over the last 24 hours. More information can be found at https://eos.io/.",eos,https://s2.coinmarketcap.com/static/img/coins/64x64/1765.png,"['medium-of-exchange', 'enterprise-solutions', 'smart-contracts', 'binance-chain', 'binance-smart-chain', 'fenbushi-capital-portfolio', 'galaxy-digital-portfolio']","['Medium of Exchange', 'Enterprise Solutions', 'Smart Contracts', 'Binance Chain', 'Binance Smart Chain Ecosystem', 'Fenbushi Capital Portfolio', 'Galaxy Digital Portfolio']","['INDUSTRY', 'INDUSTRY', 'CATEGORY', 'PLATFORM', 'PLATFORM', 'CATEGORY', 'CATEGORY']",2017-07-01T00:00:00.000Z,2.5803934273545965,542438396.2289599,62.7508,0.29958005,-4.85650585,7.91647544,-9.10997781,-22.41816293,-46.81692715,2529349917.046737,0.1278,2701168575.24,2022-02-11T12:41:00.000Z,0.5088619118125086,0.49113808818749133,5000,3.0
18,1831.0,Bitcoin Cash,BCH,coin,"Bitcoin Cash (BCH) is a cryptocurrency . Users are able to generate BCH through the process of mining. Bitcoin Cash has a current supply of 18,980,156.25. The last known price of Bitcoin Cash is 338.00421839 USD and is down -5.87 over the last 24 hours. It is currently trading on 567 active market(s) with $4,404,753,799.51 traded over the last 24 hours. More information can be found at http://bch.info.",bitcoin-cash,https://s2.coinmarketcap.com/static/img/coins/64x64/1831.png,"['mineable', 'pow', 'sha-256', 'marketplace', 'medium-of-exchange', 'store-of-value', 'enterprise-solutions', 'payments', 'binance-chain', 'binance-smart-chain']","['Mineable', 'PoW', 'SHA-256', 'Marketplace', 'Medium of Exchange', 'Store Of Value', 'Enterprise Solutions', 'Payments', 'Binance Chain', 'Binance Smart Chain Ecosystem']","['OTHERS', 'ALGORITHM', 'ALGORITHM', 'INDUSTRY', 'INDUSTRY', 'CATEGORY', 'INDUSTRY', 'INDUSTRY', 'PLATFORM', 'PLATFORM']",2017-07-23T00:00:00.000Z,337.674111621315,4405674498.743719,4.0333,0.47424221,-5.81926922,17.59156765,-10.34647476,-24.68519337,-48.73358739,6409107400.152499,0.3239,7091156344.05,2022-02-11T12:41:00.000Z,0.5569914213187077,0.4430085786812923,5000,3.0
19,1839.0,BNB,BNB,coin,"BNB (BNB) is a cryptocurrency . BNB has a current supply of 165,116,760.89. The last known price of BNB is 416.51516761 USD and is down -2.35 over the last 24 hours. It is currently trading on 682 active market(s) with $2,046,052,189.25 traded over the last 24 hours. More information can be found at https://www.binance.com/.",bnb,https://s2.coinmarketcap.com/static/img/coins/64x64/1839.png,"['marketplace', 'centralized-exchange', 'payments', 'smart-contracts', 'binance-smart-chain', 'alameda-research-portfolio', 'multicoin-capital-portfolio', 'moonriver-ecosystem']","['Marketplace', 'Centralized Exchange', 'Payments', 'Smart Contracts', 'Binance Smart Chain Ecosystem', 'Alameda Research Portfolio', 'Multicoin Capital Portfolio', 'Moonriver Ecosystem']","['INDUSTRY', 'CATEGORY', 'INDUSTRY', 'CATEGORY', 'PLATFORM', 'CATEGORY', 'CATEGORY', 'CATEGORY']",2017-07-25T00:00:00.000Z,416.41039301557936,2039721237.3149745,22.4066,0.09514112,-2.07008009,10.0798119,-11.98151196,-24.22339759,-33.83904709,68756335295.66434,3.4745,68756334925.06,2022-02-11T12:41:00.000Z,,,,3.0
20,1934.0,Loopring,LRC,token,"Loopring (LRC) is a cryptocurrency launched in 2017and operates on the Ethereum platform. Loopring has a current supply of 1,373,873,440.4424574 with 1,329,247,432.8078947 in circulation. The last known price of Loopring is 1.05372959 USD and is down -2.64 over the last 24 hours. It is currently trading on 177 active market(s) with $336,013,752.09 traded over the last 24 hours. More information can be found at https://loopring.org.",loopring,https://s2.coinmarketcap.com/static/img/coins/64x64/1934.png,"['marketplace', 'decentralized-exchange', 'defi', 'scaling', 'rollups']","['Marketplace', 'Decentralized Exchange', 'DeFi', 'Scaling', 'Rollups']","['INDUSTRY', 'CATEGORY', 'CATEGORY', 'CATEGORY', 'CATEGORY']",2017-08-30T00:00:00.000Z,1.0633328376770428,337803307.9236473,37.6501,1.79598617,-1.19960936,21.47914929,-31.44222882,-54.84501831,-60.65502998,1413432444.702543,0.0714,1461565761.46,2022-02-11T12:41:00.000Z,0.48832182281242464,0.5116781771875754,5000,3.0
21,1958.0,TRON,TRX,coin,"TRON (TRX) is a cryptocurrency . TRON has a current supply of 101,787,921,942.60007 with 101,787,873,590.36755 in circulation. The last known price of TRON is 0.06593198 USD and is down -7.41 over the last 24 hours. It is currently trading on 565 active market(s) with $1,379,337,299.94 traded over the last 24 hours. More information can be found at https://tron.network/.",tron,https://s2.coinmarketcap.com/static/img/coins/64x64/1958.png,"['media', 'payments', 'tron-ecosystem', 'binance-smart-chain']","['Media', 'Payments', 'TRON Ecosystem', 'Binance Smart Chain Ecosystem']","['INDUSTRY', 'INDUSTRY', 'PLATFORM', 'PLATFORM']",2017-09-13T00:00:00.000Z,0.06587105144450886,1377222986.3963056,11.934,-0.02541374,-7.27947324,4.25399751,-1.93326278,-25.89810837,-40.34405982,6704874257.698266,0.3389,6704877442.71,2022-02-11T12:41:00.000Z,0.5061960468546127,0.4938039531453873,2158,3.0
22,1966.0,Decentraland,MANA,token,"Decentraland (MANA) is a cryptocurrency and operates on the Ethereum platform. Decentraland has a current supply of 2,193,847,127.320146 with 1,832,138,998.3634298 in circulation. The last known price of Decentraland is 3.19512243 USD and is down -2.90 over the last 24 hours. It is currently trading on 238 active market(s) with $1,034,920,384.63 traded over the last 24 hours. More information can be found at https://decentraland.org/.",decentraland,https://s2.coinmarketcap.com/static/img/coins/64x64/1966.png,"['platform', 'collectibles-nfts', 'gaming', 'payments', 'metaverse', 'boostvc-portfolio', 'dcg-portfolio', 'fabric-ventures-portfolio', 'kenetic-capital-portfolio', 'polygon-ecosystem', 'play-to-earn']","['Platform', 'Collectibles & NFTs', 'Gaming', 'Payments', 'Metaverse', 'BoostVC Portfolio', 'DCG Portfolio', 'Fabric Ventures Portfolio', 'Kenetic Capital Portfolio', 'Polygon Ecosystem', 'Play To Earn']","['CATEGORY', 'CATEGORY', 'INDUSTRY', 'INDUSTRY', 'CATEGORY', 'CATEGORY', 'CATEGORY', 'CATEGORY', 'CATEGORY', 'PLATFORM', 'CATEGORY']",2017-09-17T00:00:00.000Z,3.193396393838445,1033383923.0985516,20.7298,0.05466916,-2.59330214,20.97834878,4.66162393,-6.52279075,-5.99186622,5850746070.384557,0.2957,7005823505.02,2022-02-11T12:41:00.000Z,0.5024661995902558,0.4975338004097441,5000,3.0
23,1975.0,Chainlink,LINK,token,"Chainlink (LINK) is a cryptocurrency and operates on the Ethereum platform. Chainlink has a current supply of 1,000,000,000 with 467,009,549.5205637 in circulation. The last known price of Chainlink is 17.68541543 USD and is down -4.77 over the last 24 hours. It is currently trading on 588 active market(s) with $939,551,572.73 traded over the last 24 hours. More information can be found at https://chain.link/.",chainlink,https://s2.coinmarketcap.com/static/img/coins/64x64/1975.png,"['platform', 'defi', 'oracles', 'smart-contracts', 'substrate', 'polkadot', 'binance-smart-chain', 'polkadot-ecosystem', 'avalanche-ecosystem', 'solana-ecosystem', 'framework-ventures-portfolio', 'polygon-ecosystem', 'fantom-ecosystem', 'cardano-ecosystem', 'web3', 'near-protocol-ecosystem', 'cardano']","['Platform', 'DeFi', 'Oracles', 'Smart Contracts', 'Substrate', 'Polkadot', 'Binance Smart Chain Ecosystem', 'Polkadot Ecosystem', 'Avalanche Ecosystem', 'Solana Ecosystem', 'Framework Ventures Portfolio', 'Polygon Ecosystem', 'Fantom Ecosystem', 'Cardano Ecosystem', 'Web3', 'Near Protocol Ecosystem', 'Cardano']","['CATEGORY', 'CATEGORY', 'CATEGORY', 'CATEGORY', 'CATEGORY', 'PLATFORM', 'PLATFORM', 'PLATFORM', 'PLATFORM', 'PLATFORM', 'CATEGORY', 'PLATFORM', 'PLATFORM', 'CATEGORY', 'INDUSTRY', 'CATEGORY', 'PLATFORM']",2017-09-20T00:00:00.000Z,17.68537317294652,940262164.8158907,47.1551,0.57644245,-4.61850955,7.40556076,-33.49619044,-7.58344761,-46.92586972,8259238158.600817,0.4175,17685373172.95,2022-02-11T12:41:00.000Z,0.5144561110361713,0.4855438889638288,5000,3.0
24,2010.0,Cardano,ADA,coin,"Cardano (ADA) is a cryptocurrency launched in 2017. Users are able to generate ADA through the process of mining. Cardano has a current supply of 34,085,668,605.164 with 33,592,646,021.81 in circulation. The last known price of Cardano is 1.16030993 USD and is down -3.84 over the last 24 hours. It is currently trading on 363 active market(s) with $1,878,214,275.86 traded over the last 24 hours. More information can be found at https://www.cardano.org.",cardano,https://s2.coinmarketcap.com/static/img/coins/64x64/2010.png,"['mineable', 'dpos', 'pos', 'platform', 'research', 'smart-contracts', 'staking', 'binance-smart-chain', 'cardano-ecosystem', 'cardano']","['Mineable', 'DPoS', 'PoS', 'Platform', 'Research', 'Smart Contracts', 'Staking', 'Binance Smart Chain Ecosystem', 'Cardano Ecosystem', 'Cardano']","['OTHERS', 'ALGORITHM', 'ALGORITHM', 'CATEGORY', 'INDUSTRY', 'CATEGORY', 'CATEGORY', 'PLATFORM', 'CATEGORY', 'PLATFORM']",2017-10-01T00:00:00.000Z,1.1596958943716817,1879112115.624986,37.2555,0.42969995,-3.6714767,9.11084435,-7.72198036,-11.31155199,-42.80106479,38957253672.574265,1.9691,52186315246.73,2022-02-11T12:41:00.000Z,0.5892627139643042,0.41073728603569576,5000,3.0
25,2011.0,Tezos,XTZ,coin,"Tezos (XTZ) is a cryptocurrency . Tezos has a current supply of 905,736,490.908168 with 877,521,625.501972 in circulation. The last known price of Tezos is 4.25199365 USD and is down -5.44 over the last 24 hours. It is currently trading on 196 active market(s) with $307,464,423.10 traded over the last 24 hours. More information can be found at https://www.tezos.com/.",tezos,https://s2.coinmarketcap.com/static/img/coins/64x64/2011.png,"['pos', 'platform', 'enterprise-solutions', 'collectibles-nfts', 'defi', 'smart-contracts', 'binance-smart-chain', 'polychain-capital-portfolio', 'boostvc-portfolio', 'winklevoss-capital-portfolio']","['PoS', 'Platform', 'Enterprise Solutions', 'Collectibles & NFTs', 'DeFi', 'Smart Contracts', 'Binance Smart Chain Ecosystem', 'Polychain Capital Portfolio', 'BoostVC Portfolio', 'Winklevoss Capital Portfolio']","['ALGORITHM', 'CATEGORY', 'INDUSTRY', 'CATEGORY', 'CATEGORY', 'CATEGORY', 'PLATFORM', 'CATEGORY', 'CATEGORY', 'CATEGORY']",2017-10-06T00:00:00.000Z,4.260947000622515,307039343.12680775,15.488,-0.7535709,-4.86104696,10.97472304,-1.9043977,-1.18719252,-26.97791785,3739073138.1640215,0.1889,3859295184.29,2022-02-11T12:41:00.000Z,0.5422371516875167,0.45776284831248326,5000,3.0
26,2087.0,KuCoin Token,KCS,token,"KuCoin Token (KCS) is a cryptocurrency and operates on the Ethereum platform. KuCoin Token has a current supply of 170,118,638 with 80,118,638 in circulation. The last known price of KuCoin Token is 20.42165102 USD and is down -2.84 over the last 24 hours. It is currently trading on 35 active market(s) with $14,743,085.86 traded over the last 24 hours. More information can be found at https://www.kucoin.com/.",kucoin-token,https://s2.coinmarketcap.com/static/img/coins/64x64/2087.png,"['marketplace', 'centralized-exchange', 'discount-token', 'algorand-ecosystem']","['Marketplace', 'Centralized Exchange', 'Discount Token', 'Algorand Ecosystem']","['INDUSTRY', 'CATEGORY', 'CATEGORY', 'CATEGORY']",2017-10-24T00:00:00.000Z,20.44036402976739,14759277.08886344,15.7483,0.24268007,-2.759441,11.07210895,2.58704564,-2.66219236,-8.4936873,1637654126.2891548,0.0828,3477286888.97,2022-02-11T12:41:00.000Z,,,,3.0
27,2130.0,Enjin Coin,ENJ,token,"Enjin Coin (ENJ) is a cryptocurrency and operates on the Ethereum platform. Enjin Coin has a current supply of 1,000,000,000 with 854,696,205.567558 in circulation. The last known price of Enjin Coin is 2.02079022 USD and is down -4.49 over the last 24 hours. It is currently trading on 220 active market(s) with $294,601,927.85 traded over the last 24 hours. More information can be found at https://enjin.io/.",enjin-coin,https://s2.coinmarketcap.com/static/img/coins/64x64/2130.png,"['media', 'collectibles-nfts', 'gaming', 'ethereum-ecosystem', 'metaverse', 'arrington-xrp-capital-portfolio']","['Media', 'Collectibles & NFTs', 'Gaming', 'Ethereum Ecosystem', 'Metaverse', 'Arrington XRP Capital Portfolio']","['INDUSTRY', 'CATEGORY', 'INDUSTRY', 'PLATFORM', 'CATEGORY', 'CATEGORY']",2017-11-01T00:00:00.000Z,2.0196077493546807,293357540.4086767,20.2358,0.17754042,-4.07101875,18.22118244,-17.56929933,-19.5348452,-35.43783291,1726151080.1082814,0.0872,2019607749.35,2022-02-11T12:41:00.000Z,0.6076662015991035,0.3923337984008966,3126,3.0
28,2280.0,Filecoin,FIL,coin,"Filecoin (FIL) is a cryptocurrency launched in 2020. Users are able to generate FIL through the process of mining. Filecoin has a current supply of 159,687,780. The last known price of Filecoin is 23.09399895 USD and is down -5.55 over the last 24 hours. It is currently trading on 169 active market(s) with $574,604,466.37 traded over the last 24 hours. More information can be found at https://filecoin.io/.",filecoin,https://s2.coinmarketcap.com/static/img/coins/64x64/2280.png,"['mineable', 'distributed-computing', 'filesharing', 'storage', 'binance-smart-chain', 'polychain-capital-portfolio', 'blockchain-capital-portfolio', 'boostvc-portfolio', 'dcg-portfolio', 'hashkey-capital-portfolio', 'a16z-portfolio', 'winklevoss-capital-portfolio', 'pantera-capital-portfolio', 'web3']","['Mineable', 'Distributed Computing', 'Filesharing', 'Storage', 'Binance Smart Chain Ecosystem', 'Polychain Capital Portfolio', 'Blockchain Capital Portfolio', 'BoostVC Portfolio', 'DCG Portfolio', 'Hashkey Capital Portfolio', 'a16z Portfolio', 'Winklevoss Capital Portfolio', 'Pantera Capital Portfolio', 'Web3']","['OTHERS', 'INDUSTRY', 'INDUSTRY', 'CATEGORY', 'PLATFORM', 'CATEGORY', 'CATEGORY', 'CATEGORY', 'CATEGORY', 'CATEGORY', 'CATEGORY', 'CATEGORY', 'CATEGORY', 'INDUSTRY']",2017-12-13T00:00:00.000Z,23.09228919983956,573815135.9290944,29.2582,0.27058795,-5.36264565,10.16337217,-22.2537971,-39.49578724,-63.09829045,3687556397.440356,0.1863,3687556397.44,2022-02-11T12:41:00.000Z,0.6086695313707953,0.3913304686292047,5000,3.0
29,2416.0,Theta Network,THETA,coin,"Theta Network (THETA) is a cryptocurrency . Theta Network has a current supply of 1,000,000,000. The last known price of Theta Network is 4.06987263 USD and is up 6.91 over the last 24 hours. It is currently trading on 96 active market(s) with $1,362,934,974.54 traded over the last 24 hours. More information can be found at https://www.thetatoken.org/.",theta-network,https://s2.coinmarketcap.com/static/img/coins/64x64/2416.png,"['media', 'collectibles-nfts', 'content-creation', 'video', 'metaverse', 'huobi-capital-portfolio', 'web3']","['Media', 'Collectibles & NFTs', 'Content Creation', 'Video', 'Metaverse', 'Huobi Capital Portfolio', 'Web3']","['INDUSTRY', 'CATEGORY', 'INDUSTRY', 'INDUSTRY', 'CATEGORY', 'CATEGORY', 'INDUSTRY']",2018-01-17T00:00:00.000Z,4.068797376866741,1361167762.409906,246.9976,0.47923304,6.07785007,41.32080595,-4.41084485,-3.37770784,-42.83170264,4068797376.866741,0.2057,4068797376.87,2022-02-11T12:41:00.000Z,,,,3.0
30,2502.0,Huobi Token,HT,token,"Huobi Token (HT) is a cryptocurrency and operates on the Ethereum platform. Huobi Token has a current supply of 500,000,000 with 156,741,729.25441208 in circulation. The last known price of Huobi Token is 9.955141 USD and is down -0.17 over the last 24 hours. It is currently trading on 108 active market(s) with $45,371,447.75 traded over the last 24 hours. More information can be found at https://www.huobiwallet.com.",huobi-token,https://s2.coinmarketcap.com/static/img/coins/64x64/2502.png,"['marketplace', 'centralized-exchange', 'discount-token', 'payments', 'algorand-ecosystem', 'kenetic-capital-portfolio', 'alameda-research-portfolio', 'multicoin-capital-portfolio']","['Marketplace', 'Centralized Exchange', 'Discount Token', 'Payments', 'Algorand Ecosystem', 'Kenetic Capital Portfolio', 'Alameda Research Portfolio', 'Multicoin Capital Portfolio']","['INDUSTRY', 'CATEGORY', 'CATEGORY', 'INDUSTRY', 'CATEGORY', 'CATEGORY', 'CATEGORY', 'CATEGORY']",2018-02-03T00:00:00.000Z,9.953709117063228,45369480.86529306,19.9683,-0.05123757,-0.1877929,6.21797156,5.89761267,-0.28414052,1.3036997,1560161579.5038977,0.0788,4976854558.53,2022-02-11T12:41:00.000Z,,,,3.0
31,2563.0,TrueUSD,TUSD,token,"TrueUSD (TUSD) is a cryptocurrency and operates on the Binance Chain (BEP2) platform. TrueUSD has a current supply of 1,476,390,601.110991. The last known price of TrueUSD is 0.99956597 USD and is down -0.01 over the last 24 hours. It is currently trading on 226 active market(s) with $136,702,217.88 traded over the last 24 hours. More information can be found at https://www.trueusd.com/.",trueusd,https://s2.coinmarketcap.com/static/img/coins/64x64/2563.png,"['store-of-value', 'stablecoin', 'asset-backed-stablecoin', 'binance-smart-chain', 'avalanche-ecosystem']","['Store Of Value', 'Stablecoin', 'Asset-Backed Stablecoin', 'Binance Smart Chain Ecosystem', 'Avalanche Ecosystem']","['CATEGORY', 'CATEGORY', 'CATEGORY', 'PLATFORM', 'PLATFORM']",2018-03-06T00:00:00.000Z,0.9995325086376662,136744175.65524036,-26.5123,-0.0520754,-0.02391852,-0.01136485,-0.12362402,-0.07727245,-0.13206539,1475700401.2575407,0.0746,1475700401.26,2022-02-11T12:41:00.000Z,,,,3.0
32,2682.0,Holo,HOT,token,"Holo (HOT) is a cryptocurrency and operates on the Ethereum platform. Holo has a current supply of 177,619,433,541.14133 with 173,174,228,546.6286 in circulation. The last known price of Holo is 0.00549928 USD and is down -4.46 over the last 24 hours. It is currently trading on 102 active market(s) with $104,519,598.21 traded over the last 24 hours. More information can be found at https://holochain.org/.",holo,https://s2.coinmarketcap.com/static/img/coins/64x64/2682.png,"['platform', 'distributed-computing', 'filesharing', 'storage']","['Platform', 'Distributed Computing', 'Filesharing', 'Storage']","['CATEGORY', 'INDUSTRY', 'INDUSTRY', 'CATEGORY']",2018-04-29T00:00:00.000Z,0.005493431400592285,104098498.36166956,18.4625,0.04497277,-4.25667529,22.84379448,-11.96720643,-33.69159958,-59.23759872,951320744.8713944,0.0481,975740173.57,2022-02-11T12:41:00.000Z,,,,3.0
33,2694.0,Nexo,NEXO,token,"Nexo (NEXO) is a cryptocurrency launched in 2018and operates on the Ethereum platform. Nexo has a current supply of 1,000,000,000 with 560,000,011 in circulation. The last known price of Nexo is 2.07827926 USD and is down -10.28 over the last 24 hours. It is currently trading on 57 active market(s) with $12,736,299.62 traded over the last 24 hours. More information can be found at http://nexo.io.",nexo,https://s2.coinmarketcap.com/static/img/coins/64x64/2694.png,"['services', 'payments', 'cardano-ecosystem']","['Services', 'Payments', 'Cardano Ecosystem']","['INDUSTRY', 'INDUSTRY', 'CATEGORY']",2018-05-01T00:00:00.000Z,2.078267536957716,12667624.68745859,54.8863,-0.31840056,-10.11521404,-2.73381339,-7.59944214,-13.29666062,-36.13385993,1163829843.5572639,0.0588,2078267536.96,2022-02-11T12:41:00.000Z,0.5782734174864516,0.42172658251354844,347,3.0
34,2777.0,IoTeX,IOTX,coin,"IoTeX (IOTX) is a cryptocurrency . IoTeX has a current supply of 9,626,124,332.32 with 9,540,779,324.30788 in circulation. The last known price of IoTeX is 0.11709359 USD and is up 8.58 over the last 24 hours. It is currently trading on 73 active market(s) with $215,005,519.74 traded over the last 24 hours. More information can be found at https://www.iotex.io/.",iotex,https://s2.coinmarketcap.com/static/img/coins/64x64/2777.png,"['platform', 'iot', 'binance-smart-chain', 'hashkey-capital-portfolio', 'kenetic-capital-portfolio', 'iotex-ecosystem']","['Platform', 'IoT', 'Binance Smart Chain Ecosystem', 'Hashkey Capital Portfolio', 'Kenetic Capital Portfolio', 'IoTeX Ecosystem']","['CATEGORY', 'INDUSTRY', 'PLATFORM', 'CATEGORY', 'CATEGORY', 'PLATFORM']",2018-05-25T00:00:00.000Z,0.11665457824692078,216666562.4882963,59.3806,-1.22392389,8.72526181,51.19428039,11.85605233,3.01560791,-47.0526513,1112975588.2240777,0.0563,1166545782.47,2022-02-11T12:41:00.000Z,0.46920757012866465,0.5307924298713353,4211,3.0
35,3077.0,VeChain,VET,coin,"VeChain (VET) is a cryptocurrency . VeChain has a current supply of 86,712,634,466 with 64,315,576,989 in circulation. The last known price of VeChain is 0.06353401 USD and is down -5.99 over the last 24 hours. It is currently trading on 163 active market(s) with $373,881,388.71 traded over the last 24 hours. More information can be found at https://www.vechain.org/.",vechain,https://s2.coinmarketcap.com/static/img/coins/64x64/3077.png,"['logistics', 'data-provenance', 'iot', 'smart-contracts', 'fenbushi-capital-portfolio']","['Logistics', 'Data Provenance', 'IoT', 'Smart Contracts', 'Fenbushi Capital Portfolio']","['INDUSTRY', 'INDUSTRY', 'INDUSTRY', 'CATEGORY', 'CATEGORY']",2017-08-22T00:00:00.000Z,0.06348728733135564,372483956.1231618,21.8422,0.2505735,-5.65530138,14.9709407,-20.56240033,-23.23951959,-59.25720791,4083221516.182568,0.2063,5505149939.6,2022-02-11T12:41:00.000Z,0.738633712251888,0.261366287748112,413,3.0
36,3155.0,Quant,QNT,token,"Quant (QNT) is a cryptocurrency and operates on the Ethereum platform. Quant has a current supply of 14,612,493.080826 with 12,072,738 in circulation. The last known price of Quant is 142.52938485 USD and is down -4.90 over the last 24 hours. It is currently trading on 77 active market(s) with $60,368,150.03 traded over the last 24 hours. More information can be found at https://quant.network/.",quant,https://s2.coinmarketcap.com/static/img/coins/64x64/3155.png,"['platform', 'interoperability']","['Platform', 'Interoperability']","['CATEGORY', 'CATEGORY']",2018-08-10T00:00:00.000Z,142.43635037918472,60246796.80253353,-0.7277,0.43441899,-4.73771687,2.9745907,-15.03838615,-24.01839276,-44.46638687,1719596739.8040977,0.0869,2081350172.86,2022-02-11T12:41:00.000Z,0.5140752213705972,0.48592477862940275,2909,3.0
37,3330.0,Pax Dollar,USDP,token,"Pax Dollar (USDP) is a cryptocurrency and operates on the Ethereum platform. Pax Dollar has a current supply of 945,642,940.11. The last known price of Pax Dollar is 0.99940129 USD and is up 0.28 over the last 24 hours. It is currently trading on 38 active market(s) with $14,444,990.90 traded over the last 24 hours. More information can be found at https://www.paxos.com/usdp/.",paxos-standard,https://s2.coinmarketcap.com/static/img/coins/64x64/3330.png,"['store-of-value', 'stablecoin', 'asset-backed-stablecoin', 'binance-smart-chain']","['Store Of Value', 'Stablecoin', 'Asset-Backed Stablecoin', 'Binance Smart Chain Ecosystem']","['CATEGORY', 'CATEGORY', 'CATEGORY', 'PLATFORM']",2018-09-27T00:00:00.000Z,0.9991520896150448,14440338.59647967,31.6745,0.11122622,-0.04993806,-0.0916311,-0.04069347,-0.09447147,-0.17978606,944841119.6406212,0.0478,944841119.64,2022-02-11T12:41:00.000Z,,,,3.0
38,3408.0,USD Coin,USDC,token,"USD Coin (USDC) is a cryptocurrency and operates on the Ethereum platform. USD Coin has a current supply of 52,094,432,565.99805. The last known price of USD Coin is 0.99980648 USD and is down -0.01 over the last 24 hours. It is currently trading on 2986 active market(s) with $4,358,088,223.08 traded over the last 24 hours. More information can be found at https://www.centre.io/usdc.",usd-coin,https://s2.coinmarketcap.com/static/img/coins/64x64/3408.png,"['medium-of-exchange', 'stablecoin', 'asset-backed-stablecoin', 'binance-smart-chain', 'fantom-ecosystem', 'moonriver-ecosystem']","['Medium of Exchange', 'Stablecoin', 'Asset-Backed Stablecoin', 'Binance Smart Chain Ecosystem', 'Fantom Ecosystem', 'Moonriver Ecosystem']","['INDUSTRY', 'CATEGORY', 'CATEGORY', 'PLATFORM', 'PLATFORM', 'CATEGORY']",2018-10-08T00:00:00.000Z,0.999877409321757,4356998945.05454,34.5849,0.07439654,-0.00546543,0.02647773,-0.06845325,-0.04637967,-0.09122681,52088046274.17709,2.6322,52088046274.18,2022-02-11T12:41:00.000Z,0.3057219712215965,0.6942780287784035,5000,3.0
39,3513.0,Fantom,FTM,coin,"Fantom (FTM) is a cryptocurrency launched in 2018. Fantom has a current supply of 2,545,006,273. The last known price of Fantom is 2.13902341 USD and is down -4.50 over the last 24 hours. It is currently trading on 242 active market(s) with $953,085,554.29 traded over the last 24 hours. More information can be found at https://fantom.foundation/.",fantom,https://s2.coinmarketcap.com/static/img/coins/64x64/3513.png,"['platform', 'enterprise-solutions', 'defi', 'research', 'scaling', 'smart-contracts', 'binance-smart-chain', 'fantom-ecosystem']","['Platform', 'Enterprise Solutions', 'DeFi', 'Research', 'Scaling', 'Smart Contracts', 'Binance Smart Chain Ecosystem', 'Fantom Ecosystem']","['CATEGORY', 'INDUSTRY', 'CATEGORY', 'INDUSTRY', 'CATEGORY', 'CATEGORY', 'PLATFORM', 'PLATFORM']",2018-10-29T00:00:00.000Z,2.1379238828351337,952167392.1453851,28.175,0.36921982,-4.30066282,7.41654991,-25.04764854,52.6873708,-17.49466753,5441029693.011932,0.275,6787908328.0,2022-02-11T12:41:00.000Z,0.46702481913579535,0.5329751808642047,528,3.0
40,3602.0,Bitcoin SV,BSV,coin,"Bitcoin SV (BSV) is a cryptocurrency . Users are able to generate BSV through the process of mining. Bitcoin SV has a current supply of 18,976,239.14423905. The last known price of Bitcoin SV is 100.13045341 USD and is down -2.23 over the last 24 hours. It is currently trading on 168 active market(s) with $123,161,570.48 traded over the last 24 hours. More information can be found at https://bitcoinsv.com/.",bitcoin-sv,https://s2.coinmarketcap.com/static/img/coins/64x64/3602.png,"['mineable', 'pow', 'sha-256', 'medium-of-exchange', 'store-of-value', 'state-channel']","['Mineable', 'PoW', 'SHA-256', 'Medium of Exchange', 'Store Of Value', 'State Channel']","['OTHERS', 'ALGORITHM', 'ALGORITHM', 'INDUSTRY', 'CATEGORY', 'CATEGORY']",2018-11-09T00:00:00.000Z,99.99283386970708,122576753.10754168,39.9895,0.95549504,-2.21250294,9.9504962,-10.91576137,-23.14377286,-41.81015803,1897487928.2217278,0.0959,2099849511.26,2022-02-11T12:41:00.000Z,0.47419962386321424,0.5258003761367858,456,3.0
41,3635.0,Crypto.com Coin,CRO,token,"Crypto.com Coin (CRO) is a cryptocurrency and operates on the Ethereum platform. Crypto.com Coin has a current supply of 30,263,013,692 with 25,263,013,692 in circulation. The last known price of Crypto.com Coin is 0.51422781 USD and is down -2.74 over the last 24 hours. It is currently trading on 127 active market(s) with $269,451,430.67 traded over the last 24 hours. More information can be found at https://www.crypto.com/en/chain.",crypto-com-coin,https://s2.coinmarketcap.com/static/img/coins/64x64/3635.png,"['medium-of-exchange', 'cosmos-ecosystem', 'centralized-exchange', 'mobile', 'payments']","['Medium of Exchange', 'Cosmos Ecosystem', 'Centralized Exchange', 'Mobile', 'Payments']","['INDUSTRY', 'INDUSTRY', 'CATEGORY', 'INDUSTRY', 'INDUSTRY']",2018-12-14T00:00:00.000Z,0.5141226785026655,269479162.4418458,48.5987,-0.02664139,-2.57186478,24.73572651,6.78282824,-10.74978027,26.36025885,12988288266.380552,0.6565,15558901658.89,2022-02-11T12:41:00.000Z,0.5493382720333143,0.45066172796668574,5000,3.0
42,3717.0,Wrapped Bitcoin,WBTC,token,"Wrapped Bitcoin (WBTC) is a cryptocurrency and operates on the Ethereum platform. Wrapped Bitcoin has a current supply of 261,914.35047772. The last known price of Wrapped Bitcoin is 43,518.81158488 USD and is down -2.73 over the last 24 hours. It is currently trading on 333 active market(s) with $248,338,976.68 traded over the last 24 hours. More information can be found at https://wbtc.network.",wrapped-bitcoin,https://s2.coinmarketcap.com/static/img/coins/64x64/3717.png,"['medium-of-exchange', 'defi', 'wrapped-tokens', 'fantom-ecosystem', 'moonriver-ecosystem']","['Medium of Exchange', 'DeFi', 'Wrapped Tokens', 'Fantom Ecosystem', 'Moonriver Ecosystem']","['INDUSTRY', 'CATEGORY', 'PLATFORM', 'PLATFORM', 'CATEGORY']",2019-01-30T00:00:00.000Z,43530.018555656134,248777488.41203898,49.7852,0.17251797,-2.61209519,14.62963087,0.8111931,-10.10099686,-32.6370267,11401136536.287775,0.5761,11401136536.29,2022-02-11T12:41:00.000Z,0.5371604988125642,0.4628395011874357,628,3.0
43,3794.0,Cosmos,ATOM,coin,"Cosmos (ATOM) is a cryptocurrency . Cosmos has a current supply of 0 with 286,370,297 in circulation. The last known price of Cosmos is 29.00745708 USD and is down -5.07 over the last 24 hours. It is currently trading on 235 active market(s) with $911,194,196.15 traded over the last 24 hours. More information can be found at https://cosmos.network/.",cosmos,https://s2.coinmarketcap.com/static/img/coins/64x64/3794.png,"['platform', 'cosmos-ecosystem', 'content-creation', 'interoperability', 'binance-chain', 'binance-smart-chain', 'polychain-capital-portfolio', 'dragonfly-capital-portfolio', 'hashkey-capital-portfolio', '1confirmation-portfolio', 'paradigm-portfolio', 'exnetwork-capital-portfolio']","['Platform', 'Cosmos Ecosystem', 'Content Creation', 'Interoperability', 'Binance Chain', 'Binance Smart Chain Ecosystem', 'Polychain Capital Portfolio', 'DragonFly Capital Portfolio', 'Hashkey Capital Portfolio', '1Confirmation Portfolio', 'Paradigm Portfolio', 'Exnetwork Capital Portfolio']","['CATEGORY', 'INDUSTRY', 'INDUSTRY', 'CATEGORY', 'PLATFORM', 'PLATFORM', 'CATEGORY', 'CATEGORY', 'CATEGORY', 'CATEGORY', 'CATEGORY', 'CATEGORY']",2019-03-14T00:00:00.000Z,28.953542655714596,910987493.9162742,53.9264,0.21194119,-4.96341123,0.35463272,-28.31680692,23.68893956,-9.97227006,8291434609.519157,0.4191,0.0,2022-02-11T12:41:00.000Z,0.5741024901407934,0.42589750985920655,5000,3.0
44,3822.0,Theta Fuel,TFUEL,coin,"Theta Fuel (TFUEL) is a cryptocurrency . Theta Fuel has a current supply of 5,301,214,400. The last known price of Theta Fuel is 0.21965515 USD and is down -0.95 over the last 24 hours. It is currently trading on 30 active market(s) with $164,652,718.98 traded over the last 24 hours. More information can be found at https://www.thetatoken.org.",theta-fuel,https://s2.coinmarketcap.com/static/img/coins/64x64/3822.png,"['media', 'content-creation', 'payments']","['Media', 'Content Creation', 'Payments']","['INDUSTRY', 'INDUSTRY', 'INDUSTRY']",2019-03-28T00:00:00.000Z,0.21927819898998074,163706313.15845817,77.8175,-0.50041254,-2.03481982,30.94556989,27.12994447,0.20584189,-35.61924324,1162440746.0917513,0.0587,1162440746.09,2022-02-11T12:41:00.000Z,,,,3.0
45,3890.0,Polygon,MATIC,coin,"Polygon (MATIC) is a cryptocurrency . Polygon has a current supply of 10,000,000,000 with 7,477,274,364.27 in circulation. The last known price of Polygon is 1.86899484 USD and is down -6.59 over the last 24 hours. It is currently trading on 320 active market(s) with $2,065,464,738.63 traded over the last 24 hours. More information can be found at https://polygon.technology/.",polygon,https://s2.coinmarketcap.com/static/img/coins/64x64/3890.png,"['platform', 'enterprise-solutions', 'scaling', 'state-channel', 'binance-smart-chain', 'coinbase-ventures-portfolio', 'binance-launchpad', 'binance-labs-portfolio', 'polygon-ecosystem', 'moonriver-ecosystem']","['Platform', 'Enterprise Solutions', 'Scaling', 'State Channel', 'Binance Smart Chain Ecosystem', 'Coinbase Ventures Portfolio', 'Binance Launchpad', 'Binance Labs Portfolio', 'Polygon Ecosystem', 'Moonriver Ecosystem']","['CATEGORY', 'INDUSTRY', 'CATEGORY', 'CATEGORY', 'PLATFORM', 'CATEGORY', 'CATEGORY', 'CATEGORY', 'PLATFORM', 'CATEGORY']",2019-04-28T00:00:00.000Z,1.8688094536584412,2066413178.3933706,25.4046,0.69425374,-6.47970952,17.97496073,-21.75907068,-4.00024439,9.3381117,13973601019.545689,0.7063,18688094536.58,2022-02-11T12:41:00.000Z,0.5148552145220708,0.4851447854779292,5000,3.0
46,3897.0,OKB,OKB,token,"OKB (OKB) is a cryptocurrency and operates on the Ethereum platform. OKB has a current supply of 300,000,000 with 60,000,000 in circulation. The last known price of OKB is 21.88988487 USD and is down -6.00 over the last 24 hours. It is currently trading on 58 active market(s) with $112,702,098.05 traded over the last 24 hours. More information can be found at https://www.okx.com/.",okb,https://s2.coinmarketcap.com/static/img/coins/64x64/3897.png,"['marketplace', 'centralized-exchange', 'discount-token', 'alameda-research-portfolio']","['Marketplace', 'Centralized Exchange', 'Discount Token', 'Alameda Research Portfolio']","['INDUSTRY', 'CATEGORY', 'CATEGORY', 'CATEGORY']",2019-04-30T00:00:00.000Z,21.908701772974673,113170034.92548467,64.8207,0.57707389,-5.91562949,2.89309968,-15.45677538,-20.75660466,-17.03437022,1314522106.3784804,0.0664,6572610531.89,2022-02-11T12:41:00.000Z,,,,3.0
47,3945.0,Harmony,ONE,coin,"Harmony (ONE) is a cryptocurrency launched in 2018. Harmony has a current supply of 13,347,726,461.10068 with 11,703,152,461.100666 in circulation. The last known price of Harmony is 0.21268759 USD and is down -7.66 over the last 24 hours. It is currently trading on 82 active market(s) with $259,707,988.77 traded over the last 24 hours. More information can be found at https://www.harmony.one/.",harmony,https://s2.coinmarketcap.com/static/img/coins/64x64/3945.png,"['platform', 'enterprise-solutions', 'scaling', 'smart-contracts', 'binance-smart-chain', 'binance-launchpad', 'binance-labs-portfolio', 'hashkey-capital-portfolio', 'harmony-ecosystem']","['Platform', 'Enterprise Solutions', 'Scaling', 'Smart Contracts', 'Binance Smart Chain Ecosystem', 'Binance Launchpad', 'Binance Labs Portfolio', 'Hashkey Capital Portfolio', 'Harmony Ecosystem']","['CATEGORY', 'INDUSTRY', 'CATEGORY', 'CATEGORY', 'PLATFORM', 'CATEGORY', 'CATEGORY', 'CATEGORY', 'CATEGORY']",2019-06-01T00:00:00.000Z,0.21260009843573316,257799347.70122766,-3.3392,0.24768903,-6.9539132,15.69874888,-32.39390806,18.84909857,-22.46657872,2488091365.2383943,0.1258,2837727959.52,2022-02-11T12:41:00.000Z,,,,3.0
48,3957.0,UNUS SED LEO,LEO,token,"UNUS SED LEO (LEO) is a cryptocurrency and operates on the Ethereum platform. UNUS SED LEO has a current supply of 985,239,504 with 953,954,130 in circulation. The last known price of UNUS SED LEO is 6.21398784 USD and is down -2.27 over the last 24 hours. It is currently trading on 18 active market(s) with $10,209,866.17 traded over the last 24 hours. More information can be found at https://www.bitfinex.com/.",unus-sed-leo,https://s2.coinmarketcap.com/static/img/coins/64x64/3957.png,"['marketplace', 'centralized-exchange', 'discount-token', 'payments', 'kenetic-capital-portfolio', 'alameda-research-portfolio']","['Marketplace', 'Centralized Exchange', 'Discount Token', 'Payments', 'Kenetic Capital Portfolio', 'Alameda Research Portfolio']","['INDUSTRY', 'CATEGORY', 'CATEGORY', 'INDUSTRY', 'CATEGORY', 'CATEGORY']",2019-05-21T00:00:00.000Z,6.233443283217418,10253278.36183127,-21.448,0.26292743,-2.20752563,41.81494379,64.28508689,73.29222708,102.82002673,5946418964.146015,0.3005,6141434568.57,2022-02-11T12:41:00.000Z,,,,3.0
49,4023.0,Bitcoin BEP2,BTCB,token,"Bitcoin BEP2 (BTCB) is a cryptocurrency and operates on the Binance Chain (BEP2) platform. Bitcoin BEP2 has a current supply of 112,501 with 105,148.56219295 in circulation. The last known price of Bitcoin BEP2 is 43,476.07215404 USD and is down -2.85 over the last 24 hours. It is currently trading on 103 active market(s) with $50,499,533.23 traded over the last 24 hours. More information can be found at https://bitcoin.org/en/.",bitcoin-bep2,https://s2.coinmarketcap.com/static/img/coins/64x64/4023.png,"['binance-chain', 'binance-smart-chain']","['Binance Chain', 'Binance Smart Chain Ecosystem']","['PLATFORM', 'PLATFORM']",2019-06-18T00:00:00.000Z,43542.270655625915,50505076.86923105,73.1891,0.12626785,-2.57348043,14.84865325,0.92916108,-10.78880787,-31.43155057,4578407154.055344,0.2314,4898548991.03,2022-02-11T12:41:00.000Z,,,,3.0
50,4030.0,Algorand,ALGO,coin,"Algorand (ALGO) is a cryptocurrency . Algorand has a current supply of 7,005,726,720.397549 with 6,563,678,229.569139 in circulation. The last known price of Algorand is 0.98499357 USD and is down -5.48 over the last 24 hours. It is currently trading on 180 active market(s) with $354,417,329.41 traded over the last 24 hours. More information can be found at http://algorand.foundation.",algorand,https://s2.coinmarketcap.com/static/img/coins/64x64/4030.png,"['pos', 'platform', 'research', 'smart-contracts', 'arrington-xrp-capital-portfolio', 'kenetic-capital-portfolio', 'usv-portfolio', 'multicoin-capital-portfolio', 'exnetwork-capital-portfolio']","['PoS', 'Platform', 'Research', 'Smart Contracts', 'Arrington XRP Capital Portfolio', 'Kenetic Capital Portfolio', 'USV Portfolio', 'Multicoin Capital Portfolio', 'Exnetwork Capital Portfolio']","['ALGORITHM', 'CATEGORY', 'INDUSTRY', 'CATEGORY', 'CATEGORY', 'CATEGORY', 'CATEGORY', 'CATEGORY', 'CATEGORY']",2019-06-20T00:00:00.000Z,0.9857162843267564,354294995.86562985,19.2482,-0.00642696,-5.01869742,4.24919097,-33.67359099,-33.92049412,-51.73490969,6469924515.967314,0.327,9857162843.27,2022-02-11T12:41:00.000Z,0.5408232969615291,0.459176703038471,5000,3.0
51,4066.0,Chiliz,CHZ,token,"Chiliz (CHZ) is a cryptocurrency and operates on the Ethereum platform. Chiliz has a current supply of 8,888,888,888 with 5,975,068,035.1118145 in circulation. The last known price of Chiliz is 0.22556603 USD and is down -4.79 over the last 24 hours. It is currently trading on 224 active market(s) with $227,539,810.11 traded over the last 24 hours. More information can be found at https://www.chiliz.com/.",chiliz,https://s2.coinmarketcap.com/static/img/coins/64x64/4066.png,"['sports', 'collectibles-nfts', 'content-creation', 'payments']","['Sports', 'Collectibles & NFTs', 'Content Creation', 'Payments']","['INDUSTRY', 'CATEGORY', 'INDUSTRY', 'INDUSTRY']",2019-07-01T00:00:00.000Z,0.22520084855542263,226997560.21119818,-27.8484,0.10230664,-4.61961503,17.08634702,-17.59583245,-22.10441742,-58.60423028,1345590391.6835625,0.068,2001785320.29,2022-02-11T12:41:00.000Z,0.5112623363422978,0.4887376636577024,2760,3.0
52,4157.0,THORChain,RUNE,token,"THORChain (RUNE) is a cryptocurrency launched in 2018and operates on the Binance Chain (BEP2) platform. THORChain has a current supply of 334,937,974.91478544 with 330,688,061.33445597 in circulation. The last known price of THORChain is 4.51354294 USD and is down -8.32 over the last 24 hours. It is currently trading on 68 active market(s) with $72,631,505.30 traded over the last 24 hours. More information can be found at https://thorchain.org/.",thorchain,https://s2.coinmarketcap.com/static/img/coins/64x64/4157.png,"['cosmos-ecosystem', 'decentralized-exchange', 'defi', 'multicoin-capital-portfolio', 'exnetwork-capital-portfolio']","['Cosmos Ecosystem', 'Decentralized Exchange', 'DeFi', 'Multicoin Capital Portfolio', 'Exnetwork Capital Portfolio']","['INDUSTRY', 'CATEGORY', 'CATEGORY', 'CATEGORY', 'CATEGORY']",2019-07-23T00:00:00.000Z,4.507296807088249,72500856.46587095,71.2686,0.31644398,-7.95089245,14.13456506,-31.42118674,-32.95580469,-63.38420469,1490509242.9949963,0.0753,2253648403.54,2022-02-11T12:41:00.000Z,,,,3.0
53,4172.0,Terra,LUNA,coin,"Terra (LUNA) is a cryptocurrency launched in 2019. Terra has a current supply of 817,968,299.006254 with 400,872,190.63437873 in circulation. The last known price of Terra is 54.33867033 USD and is down -4.56 over the last 24 hours. It is currently trading on 148 active market(s) with $2,101,607,997.94 traded over the last 24 hours. More information can be found at https://terra.money/.",terra-luna,https://s2.coinmarketcap.com/static/img/coins/64x64/4172.png,"['cosmos-ecosystem', 'store-of-value', 'defi', 'payments', 'coinbase-ventures-portfolio', 'binance-labs-portfolio', 'solana-ecosystem', 'arrington-xrp-capital-portfolio', 'hashkey-capital-portfolio', 'kenetic-capital-portfolio', 'huobi-capital-portfolio', 'pantera-capital-portfolio', 'terra-ecosystem']","['Cosmos Ecosystem', 'Store Of Value', 'DeFi', 'Payments', 'Coinbase Ventures Portfolio', 'Binance Labs Portfolio', 'Solana Ecosystem', 'Arrington XRP Capital Portfolio', 'Hashkey Capital Portfolio', 'Kenetic Capital Portfolio', 'Huobi Capital Portfolio', 'Pantera Capital Portfolio', 'Terra Ecosystem']","['INDUSTRY', 'CATEGORY', 'CATEGORY', 'INDUSTRY', 'CATEGORY', 'CATEGORY', 'PLATFORM', 'CATEGORY', 'CATEGORY', 'CATEGORY', 'CATEGORY', 'CATEGORY', 'CATEGORY']",2019-07-26T00:00:00.000Z,54.28586960869592,2099934523.9875576,38.5339,0.2224909,-4.47716761,7.01187765,-30.68152537,-8.08152687,11.5215113,21761695470.530178,1.0997,44404120423.9,2022-02-11T12:41:00.000Z,0.5215554939129634,0.4784445060870366,5000,3.0
54,4195.0,FTX Token,FTT,token,"FTX Token (FTT) is a cryptocurrency launched in 2019and operates on the Binance Chain (BEP2) platform. FTX Token has a current supply of 333,894,243.6859715 with 138,024,907.61874375 in circulation. The last known price of FTX Token is 45.0712149 USD and is down -6.01 over the last 24 hours. It is currently trading on 111 active market(s) with $231,518,576.56 traded over the last 24 hours. More information can be found at https://ftx.com/.",ftx-token,https://s2.coinmarketcap.com/static/img/coins/64x64/4195.png,"['marketplace', 'centralized-exchange', 'derivatives', 'cms-holdings-portfolio', 'kenetic-capital-portfolio', 'alameda-research-portfolio', 'pantera-capital-portfolio', 'exnetwork-capital-portfolio']","['Marketplace', 'Centralized Exchange', 'Derivatives', 'CMS Holdings Portfolio', 'Kenetic Capital Portfolio', 'Alameda Research Portfolio', 'Pantera Capital Portfolio', 'Exnetwork Capital Portfolio']","['INDUSTRY', 'CATEGORY', 'CATEGORY', 'CATEGORY', 'CATEGORY', 'CATEGORY', 'CATEGORY', 'CATEGORY']",2019-07-31T00:00:00.000Z,45.04069767264547,231082014.9230379,12.7876,0.18106097,-5.97045948,2.94842662,10.79956283,11.76768995,-18.73122731,6216738135.350657,0.3142,15861983174.99,2022-02-11T12:41:00.000Z,0.8457527487390109,0.1542472512609892,39,3.0
55,4256.0,Klaytn,KLAY,coin,"Klaytn (KLAY) is a cryptocurrency launched in 2019. Klaytn has a current supply of 10,782,297,980.8 with 2,631,778,537.2 in circulation. The last known price of Klaytn is 1.22481587 USD and is down -0.59 over the last 24 hours. It is currently trading on 73 active market(s) with $73,057,390.62 traded over the last 24 hours. More information can be found at https://www.klaytn.foundation/.",klaytn,https://s2.coinmarketcap.com/static/img/coins/64x64/4256.png,"['platform', 'enterprise-solutions']","['Platform', 'Enterprise Solutions']","['CATEGORY', 'INDUSTRY']",2020-03-30T00:00:00.000Z,1.2327247423658751,73437711.63476087,38.626,1.31593533,0.22603747,7.63295595,-11.18272062,-7.29166645,-19.96121263,3244258519.2339096,0.164,13291605500.49,2022-02-11T12:41:00.000Z,,,,3.0
56,4558.0,Flow,FLOW,coin,"Flow (FLOW) is a cryptocurrency launched in 2021. Flow has a current supply of 1,378,211,739 with 318,082,398 in circulation. The last known price of Flow is 7.72105975 USD and is down -5.60 over the last 24 hours. It is currently trading on 57 active market(s) with $327,750,099.16 traded over the last 24 hours. More information can be found at https://flow.com.",flow,https://s2.coinmarketcap.com/static/img/coins/64x64/4558.png,"['collectibles-nfts', 'coinbase-ventures-portfolio', 'coinfund-portfolio', 'dcg-portfolio', 'ledgerprime-portfolio', 'a16z-portfolio', 'animoca-brands-portfolio']","['Collectibles & NFTs', 'Coinbase Ventures Portfolio', 'Coinfund Portfolio', 'DCG Portfolio', 'LedgerPrime Portfolio', 'a16z Portfolio', 'Animoca Brands Portfolio']","['CATEGORY', 'CATEGORY', 'CATEGORY', 'CATEGORY', 'CATEGORY', 'CATEGORY', 'CATEGORY']",2021-01-27T00:00:00.000Z,7.700376053053003,326722387.998203,-40.4679,-0.64350481,-5.42552263,28.74879951,-1.30408354,-15.95422485,-41.34595817,2449354080.4568744,0.1238,10612748671.03,2022-02-11T12:41:00.000Z,,,,3.0
57,4642.0,Hedera,HBAR,coin,"Hedera (HBAR) is a cryptocurrency launched in 2017. Hedera has a current supply of 50,000,000,000 with 18,092,792,421.137627 in circulation. The last known price of Hedera is 0.24956795 USD and is down -2.67 over the last 24 hours. It is currently trading on 85 active market(s) with $112,053,877.93 traded over the last 24 hours. More information can be found at https://www.hedera.com/.",hedera,https://s2.coinmarketcap.com/static/img/coins/64x64/4642.png,"['dag', 'marketplace', 'enterprise-solutions', 'payments', 'dcg-portfolio']","['DAG', 'Marketplace', 'Enterprise Solutions', 'Payments', 'DCG Portfolio']","['ALGORITHM', 'INDUSTRY', 'INDUSTRY', 'INDUSTRY', 'CATEGORY']",2019-09-17T00:00:00.000Z,0.24964828667862018,111994412.63970736,46.6989,0.87729613,-2.46738821,1.75812287,-13.17575676,2.43090129,-43.64913312,4516834629.168933,0.2283,12482414333.93,2022-02-11T12:41:00.000Z,0.6660128560291002,0.3339871439708999,18,3.0
58,4687.0,Binance USD,BUSD,token,"Binance USD (BUSD) is a cryptocurrency and operates on the Binance Chain (BEP2) platform. Binance USD has a current supply of 17,575,094,794.039257. The last known price of Binance USD is 0.99861401 USD and is down -0.17 over the last 24 hours. It is currently trading on 2936 active market(s) with $6,832,078,516.05 traded over the last 24 hours. More information can be found at https://www.binance.com/en/busd.",binance-usd,https://s2.coinmarketcap.com/static/img/coins/64x64/4687.png,"['stablecoin', 'asset-backed-stablecoin', 'binance-chain', 'binance-smart-chain', 'harmony-ecosystem', 'moonriver-ecosystem']","['Stablecoin', 'Asset-Backed Stablecoin', 'Binance Chain', 'Binance Smart Chain Ecosystem', 'Harmony Ecosystem', 'Moonriver Ecosystem']","['CATEGORY', 'CATEGORY', 'PLATFORM', 'PLATFORM', 'CATEGORY', 'CATEGORY']",2019-09-20T00:00:00.000Z,1.0005899636004723,6827085131.853307,31.8799,0.20713819,0.04627188,-0.01732662,-0.04050611,0.06119665,0.01689291,17585463460.242588,0.8887,17585463460.24,2022-02-11T12:41:00.000Z,,,,3.0
59,4847.0,Stacks,STX,coin,"Stacks (STX) is a cryptocurrency . Stacks has a current supply of 1,352,464,600 with 1,297,793,639.700143 in circulation. The last known price of Stacks is 1.63209832 USD and is down -5.06 over the last 24 hours. It is currently trading on 40 active market(s) with $49,349,869.70 traded over the last 24 hours. More information can be found at https://stacks.co.",stacks,https://s2.coinmarketcap.com/static/img/coins/64x64/4847.png,"['arrington-xrp-capital-portfolio', 'blockchain-capital-portfolio', 'dcg-portfolio', 'fabric-ventures-portfolio', 'hashkey-capital-portfolio', 'huobi-capital-portfolio', 'usv-portfolio', 'web3']","['Arrington XRP Capital Portfolio', 'Blockchain Capital Portfolio', 'DCG Portfolio', 'Fabric Ventures Portfolio', 'Hashkey Capital Portfolio', 'Huobi Capital Portfolio', 'USV Portfolio', 'Web3']","['CATEGORY', 'CATEGORY', 'CATEGORY', 'CATEGORY', 'CATEGORY', 'CATEGORY', 'CATEGORY', 'INDUSTRY']",2019-10-28T00:00:00.000Z,1.6294369815157685,49568211.83551575,-31.6304,0.71506206,-4.98329349,10.70297973,-23.49298199,-19.66341331,-31.12747732,2114672950.903364,0.1069,2962316432.4,2022-02-11T12:41:00.000Z,0.6879001061244054,0.3120998938755946,729,3.0
60,4943.0,Dai,DAI,token,"Dai (DAI) is a cryptocurrency and operates on the Ethereum platform. Dai has a current supply of 10,246,057,668.312399. The last known price of Dai is 0.9999456 USD and is up 0.03 over the last 24 hours. It is currently trading on 760 active market(s) with $459,505,730.11 traded over the last 24 hours. More information can be found at http://www.makerdao.com/.",multi-collateral-dai,https://s2.coinmarketcap.com/static/img/coins/64x64/4943.png,"['defi', 'stablecoin', 'ethereum-ecosystem', 'binance-smart-chain', 'avalanche-ecosystem', 'polygon-ecosystem', 'fantom-ecosystem', 'harmony-ecosystem', 'moonriver-ecosystem']","['DeFi', 'Stablecoin', 'Ethereum Ecosystem', 'Binance Smart Chain Ecosystem', 'Avalanche Ecosystem', 'Polygon Ecosystem', 'Fantom Ecosystem', 'Harmony Ecosystem', 'Moonriver Ecosystem']","['CATEGORY', 'CATEGORY', 'PLATFORM', 'PLATFORM', 'PLATFORM', 'PLATFORM', 'PLATFORM', 'CATEGORY', 'CATEGORY']",2019-11-22T00:00:00.000Z,0.9997910154011693,459155475.3642373,23.5003,0.01612126,-0.00135894,-0.04886757,-0.08427747,0.10981804,-0.07028085,10243916400.060991,0.5177,10243916400.06,2022-02-11T12:41:00.000Z,0.44458104021882056,0.5554189597811795,5000,3.0
61,5034.0,Kusama,KSM,coin,"Kusama (KSM) is a cryptocurrency launched in 2019. Kusama has a current supply of 9,651,217.45126206 with 8,470,098.05726206 in circulation. The last known price of Kusama is 181.53656587 USD and is down -5.01 over the last 24 hours. It is currently trading on 119 active market(s) with $68,449,768.23 traded over the last 24 hours. More information can be found at https://kusama.network/.",kusama,https://s2.coinmarketcap.com/static/img/coins/64x64/5034.png,"['substrate', 'polkadot-ecosystem', 'cms-holdings-portfolio', 'kenetic-capital-portfolio', '1confirmation-portfolio', 'vbc-ventures-portfolio']","['Substrate', 'Polkadot Ecosystem', 'CMS Holdings Portfolio', 'Kenetic Capital Portfolio', '1Confirmation Portfolio', 'VBC Ventures Portfolio']","['CATEGORY', 'PLATFORM', 'CATEGORY', 'CATEGORY', 'CATEGORY', 'CATEGORY']",2019-12-12T00:00:00.000Z,181.59922436453317,68283156.24685372,26.147,0.37318887,-4.87458879,2.14835182,-33.27844087,-37.69176864,-56.07768893,1538163237.4903293,0.0777,1752653603.32,2022-02-11T12:41:00.000Z,0.36320029068267856,0.6367997093173214,624,3.0
62,5426.0,Solana,SOL,coin,"Solana (SOL) is a cryptocurrency launched in 2020. Solana has a current supply of 511,616,946.142289 with 317,630,336.4382908 in circulation. The last known price of Solana is 106.31515011 USD and is down -6.47 over the last 24 hours. It is currently trading on 249 active market(s) with $2,536,368,731.70 traded over the last 24 hours. More information can be found at https://solana.com.",solana,https://s2.coinmarketcap.com/static/img/coins/64x64/5426.png,"['pos', 'platform', 'solana-ecosystem', 'cms-holdings-portfolio', 'kenetic-capital-portfolio', 'alameda-research-portfolio', 'multicoin-capital-portfolio', 'okex-blockdream-ventures-portfolio']","['PoS', 'Platform', 'Solana Ecosystem', 'CMS Holdings Portfolio', 'Kenetic Capital Portfolio', 'Alameda Research Portfolio', 'Multicoin Capital Portfolio', 'OKEx Blockdream Ventures Portfolio']","['ALGORITHM', 'CATEGORY', 'PLATFORM', 'CATEGORY', 'CATEGORY', 'CATEGORY', 'CATEGORY', 'CATEGORY']",2020-04-10T00:00:00.000Z,106.33101547053535,2535166270.5530167,22.5857,0.16187484,-6.28349327,1.91694041,-25.91265159,-36.24883887,-53.13015655,33773956217.731243,1.7071,54400749415.24,2022-02-11T12:41:00.000Z,0.597578913703281,0.40242108629671897,5000,3.0
63,5567.0,Celo,CELO,coin,"Celo (CELO) is a cryptocurrency launched in 2017. Celo has a current supply of 1,000,000,000 with 407,486,151 in circulation. The last known price of Celo is 3.18292988 USD and is down -6.48 over the last 24 hours. It is currently trading on 79 active market(s) with $120,031,731.63 traded over the last 24 hours. More information can be found at https://celo.org/.",celo,https://s2.coinmarketcap.com/static/img/coins/64x64/5567.png,"['pos', 'zero-knowledge-proofs', 'mobile', 'payments', 'smart-contracts', 'coinbase-ventures-portfolio', 'polychain-capital-portfolio', 'dragonfly-capital-portfolio', 'electric-capital-portfolio', 'a16z-portfolio', 'celo-ecosystem']","['PoS', 'Zero Knowledge Proofs', 'Mobile', 'Payments', 'Smart Contracts', 'Coinbase Ventures Portfolio', 'Polychain Capital Portfolio', 'DragonFly Capital Portfolio', 'Electric Capital Portfolio', 'a16z Portfolio', 'Celo Ecosystem']","['ALGORITHM', 'CATEGORY', 'INDUSTRY', 'INDUSTRY', 'CATEGORY', 'CATEGORY', 'CATEGORY', 'CATEGORY', 'CATEGORY', 'CATEGORY', 'CATEGORY']",2020-05-22T00:00:00.000Z,3.1795089884283985,119667202.7481884,22.9752,0.00254505,-6.09883825,3.24527025,-35.09409602,-14.35743228,-45.20279341,1295605879.7645917,0.0655,3179508988.43,2022-02-11T12:41:00.000Z,,,,3.0
64,5604.0,Secret,SCRT,coin,"Secret (SCRT) is a cryptocurrency launched in 2020. Secret has a current supply of 190,165,060 with 149,815,729 in circulation. The last known price of Secret is 6.87171738 USD and is down -4.08 over the last 24 hours. It is currently trading on 28 active market(s) with $65,681,427.81 traded over the last 24 hours. More information can be found at https://scrt.network.",secret,https://s2.coinmarketcap.com/static/img/coins/64x64/5604.png,"['cosmos-ecosystem', 'defi', 'privacy']","['Cosmos Ecosystem', 'DeFi', 'Privacy']","['INDUSTRY', 'CATEGORY', 'CATEGORY']",2020-05-19T00:00:00.000Z,6.864403983366653,65393727.20539837,1.7159,0.67823929,-3.80765506,31.64457936,2.30212868,57.92661355,-8.88879849,1028395686.918579,0.052,1305369795.36,2022-02-11T12:41:00.000Z,,,,3.0
65,5632.0,Arweave,AR,coin,"Arweave (AR) is a cryptocurrency launched in 2018. Arweave has a current supply of 63,190,435 with 33,394,701 in circulation. The last known price of Arweave is 35.54153023 USD and is down -9.43 over the last 24 hours. It is currently trading on 47 active market(s) with $126,497,580.06 traded over the last 24 hours. More information can be found at https://www.arweave.org.",arweave,https://s2.coinmarketcap.com/static/img/coins/64x64/5632.png,"['distributed-computing', 'filesharing', 'storage', 'coinbase-ventures-portfolio', 'solana-ecosystem', 'arrington-xrp-capital-portfolio', 'blockchain-capital-portfolio', 'a16z-portfolio', 'multicoin-capital-portfolio', 'web3']","['Distributed Computing', 'Filesharing', 'Storage', 'Coinbase Ventures Portfolio', 'Solana Ecosystem', 'Arrington XRP Capital Portfolio', 'Blockchain Capital Portfolio', 'a16z Portfolio', 'Multicoin Capital Portfolio', 'Web3']","['INDUSTRY', 'INDUSTRY', 'CATEGORY', 'CATEGORY', 'PLATFORM', 'CATEGORY', 'CATEGORY', 'CATEGORY', 'CATEGORY', 'INDUSTRY']",2020-05-27T00:00:00.000Z,35.62324673571632,126131905.29119079,25.7784,0.47070446,-8.70710872,-1.27119757,-30.74344867,-8.07507164,-46.21841178,1189627673.3884726,0.0601,2351134284.56,2022-02-11T12:41:00.000Z,,,,3.0
66,5647.0,Kadena,KDA,coin,"Kadena (KDA) is a cryptocurrency . Users are able to generate KDA through the process of mining. Kadena has a current supply of 1,000,000,000 with 167,816,065.8932 in circulation. The last known price of Kadena is 8.70726913 USD and is down -11.48 over the last 24 hours. It is currently trading on 17 active market(s) with $123,788,757.63 traded over the last 24 hours. More information can be found at http://kadena.io/.",kadena,https://s2.coinmarketcap.com/static/img/coins/64x64/5647.png,"['mineable', 'pow', 'blake2s', 'platform', 'cosmos-ecosystem', 'smart-contracts', 'coinfund-portfolio', 'multicoin-capital-portfolio']","['Mineable', 'PoW', 'Blake2S', 'Platform', 'Cosmos Ecosystem', 'Smart Contracts', 'Coinfund Portfolio', 'Multicoin Capital Portfolio']","['OTHERS', 'ALGORITHM', 'ALGORITHM', 'CATEGORY', 'INDUSTRY', 'CATEGORY', 'CATEGORY', 'CATEGORY']",2020-05-31T00:00:00.000Z,8.760868746752502,124469897.55278286,9.3242,0.65562798,-10.65930335,57.2954053,-12.98218948,-15.09791749,-62.87969271,1470214526.8866944,0.0743,8760868746.75,2022-02-11T12:41:00.000Z,,,,3.0
67,5665.0,Helium,HNT,coin,"Helium (HNT) is a cryptocurrency launched in 2019. Users are able to generate HNT through the process of mining. Helium has a current supply of 223,000,000 with 110,384,906.17363535 in circulation. The last known price of Helium is 30.14454935 USD and is down -0.30 over the last 24 hours. It is currently trading on 39 active market(s) with $36,438,854.85 traded over the last 24 hours. More information can be found at https://www.helium.com/.",helium,https://s2.coinmarketcap.com/static/img/coins/64x64/5665.png,"['mineable', 'enterprise-solutions', 'distributed-computing', 'iot', 'usv-portfolio', 'multicoin-capital-portfolio', 'web3']","['Mineable', 'Enterprise Solutions', 'Distributed Computing', 'IoT', 'USV Portfolio', 'Multicoin Capital Portfolio', 'Web3']","['OTHERS', 'INDUSTRY', 'INDUSTRY', 'INDUSTRY', 'CATEGORY', 'CATEGORY', 'INDUSTRY']",2020-06-05T00:00:00.000Z,30.094915801286774,36558071.8220764,0.4935,0.03978409,-0.14274362,15.5114632,-10.78166439,3.78636511,-39.47819876,3322024457.0284963,0.1679,6711166223.69,2022-02-11T12:41:00.000Z,,,,3.0
68,5805.0,Avalanche,AVAX,coin,"Avalanche (AVAX) is a cryptocurrency launched in 2018. Avalanche has a current supply of 395,891,289.9134107 with 245,279,111.60133603 in circulation. The last known price of Avalanche is 90.16905741 USD and is down -0.18 over the last 24 hours. It is currently trading on 191 active market(s) with $1,766,175,932.34 traded over the last 24 hours. More information can be found at https://avax.network/.",avalanche,https://s2.coinmarketcap.com/static/img/coins/64x64/5805.png,"['defi', 'smart-contracts', 'binance-smart-chain', 'polychain-capital-portfolio', 'avalanche-ecosystem', 'cms-holdings-portfolio', 'dragonfly-capital-portfolio', 'moonriver-ecosystem']","['DeFi', 'Smart Contracts', 'Binance Smart Chain Ecosystem', 'Polychain Capital Portfolio', 'Avalanche Ecosystem', 'CMS Holdings Portfolio', 'DragonFly Capital Portfolio', 'Moonriver Ecosystem']","['CATEGORY', 'CATEGORY', 'PLATFORM', 'CATEGORY', 'PLATFORM', 'CATEGORY', 'CATEGORY', 'CATEGORY']",2020-07-13T00:00:00.000Z,90.15130725461944,1766785259.5481017,75.2486,-0.68669599,-0.08560744,26.2994097,-5.90927377,7.59964304,3.24884203,22112232553.112137,1.1176,35690117316.41,2022-02-11T12:41:00.000Z,0.5257241786981728,0.4742758213018273,5000,3.0
69,5994.0,Shiba Inu,SHIB,token,"Shiba Inu (SHIB) is a cryptocurrency and operates on the Ethereum platform. Shiba Inu has a current supply of 589,735,030,408,322.8 with 549,063,278,876,301.94 in circulation. The last known price of Shiba Inu is 0.00003103 USD and is down -6.30 over the last 24 hours. It is currently trading on 306 active market(s) with $2,448,996,050.89 traded over the last 24 hours. More information can be found at https://shibatoken.com/.",shiba-inu,https://s2.coinmarketcap.com/static/img/coins/64x64/5994.png,"['memes', 'doggone-doggerel']","['Memes', 'Doggone Doggerel']","['INDUSTRY', 'CATEGORY']",2020-08-01T00:00:00.000Z,3.1073497816726405e-05,2433372453.612179,-6.0413,0.22223819,-5.61688116,47.08843646,6.80245742,-10.0608327,-39.44118713,17061316597.40741,0.8622,18325130179.84,2022-02-11T12:41:00.000Z,0.6856384885320628,0.31436151146793717,5000,3.0
70,6210.0,The Sandbox,SAND,token,"The Sandbox (SAND) is a cryptocurrency and operates on the Ethereum platform. The Sandbox has a current supply of 3,000,000,000 with 1,035,054,385.2233225 in circulation. The last known price of The Sandbox is 4.48763181 USD and is down -4.98 over the last 24 hours. It is currently trading on 191 active market(s) with $1,317,105,273.70 traded over the last 24 hours. More information can be found at https://www.sandbox.game/en/.",the-sandbox,https://s2.coinmarketcap.com/static/img/coins/64x64/6210.png,"['collectibles-nfts', 'content-creation', 'gaming', 'ethereum-ecosystem', 'binance-launchpad', 'metaverse', 'play-to-earn', 'animoca-brands-portfolio']","['Collectibles & NFTs', 'Content Creation', 'Gaming', 'Ethereum Ecosystem', 'Binance Launchpad', 'Metaverse', 'Play To Earn', 'Animoca Brands Portfolio']","['CATEGORY', 'INDUSTRY', 'INDUSTRY', 'PLATFORM', 'CATEGORY', 'CATEGORY', 'CATEGORY', 'CATEGORY']",2020-08-05T00:00:00.000Z,4.482650435253787,1313241294.7694163,29.4777,0.12335868,-4.87671137,20.7137389,-12.0648085,-13.08053687,49.51286102,4639786990.432668,0.2345,13447951305.76,2022-02-11T12:41:00.000Z,,,,3.0
71,6535.0,NEAR Protocol,NEAR,coin,"NEAR Protocol (NEAR) is a cryptocurrency launched in 2020. NEAR Protocol has a current supply of 1,000,000,000 with 631,625,551 in circulation. The last known price of NEAR Protocol is 11.95788326 USD and is down -5.50 over the last 24 hours. It is currently trading on 100 active market(s) with $671,569,104.40 traded over the last 24 hours. More information can be found at https://near.org/.",near-protocol,https://s2.coinmarketcap.com/static/img/coins/64x64/6535.png,"['platform', 'staking', 'binance-smart-chain', 'coinbase-ventures-portfolio', 'arrington-xrp-capital-portfolio', 'coinfund-portfolio', 'electric-capital-portfolio', 'fabric-ventures-portfolio', 'kenetic-capital-portfolio', 'near-protocol-ecosystem']","['Platform', 'Staking', 'Binance Smart Chain Ecosystem', 'Coinbase Ventures Portfolio', 'Arrington XRP Capital Portfolio', 'Coinfund Portfolio', 'Electric Capital Portfolio', 'Fabric Ventures Portfolio', 'Kenetic Capital Portfolio', 'Near Protocol Ecosystem']","['CATEGORY', 'CATEGORY', 'PLATFORM', 'CATEGORY', 'CATEGORY', 'CATEGORY', 'CATEGORY', 'CATEGORY', 'CATEGORY', 'CATEGORY']",2020-08-11T00:00:00.000Z,11.930207907818321,670952340.0799572,33.3734,0.48102489,-5.42494266,5.60176839,-33.71838314,21.08500706,8.51394577,7535424143.320304,0.3809,11930207907.82,2022-02-11T12:41:00.000Z,0.489259070448687,0.5107409295513131,407,3.0
72,6538.0,Curve DAO Token,CRV,token,"Curve DAO Token (CRV) is a cryptocurrency and operates on the Ethereum platform. Curve DAO Token has a current supply of 1,687,868,710.14505 with 443,411,835.3099115 in circulation. The last known price of Curve DAO Token is 3.18915116 USD and is down -6.93 over the last 24 hours. It is currently trading on 230 active market(s) with $367,421,438.11 traded over the last 24 hours. More information can be found at https://guides.curve.fi/everything-you-need-to-know-about-crv/.",curve-dao-token,https://s2.coinmarketcap.com/static/img/coins/64x64/6538.png,"['decentralized-exchange', 'defi', 'dao', 'yield-farming', 'amm', 'governance', 'framework-ventures-portfolio', 'alameda-research-portfolio', 'polygon-ecosystem', 'fantom-ecosystem']","['Decentralized Exchange', 'DeFi', 'DAO', 'Yield Farming', 'AMM', 'Governance', 'Framework Ventures Portfolio', 'Alameda Research Portfolio', 'Polygon Ecosystem', 'Fantom Ecosystem']","['CATEGORY', 'CATEGORY', 'CATEGORY', 'CATEGORY', 'CATEGORY', 'CATEGORY', 'CATEGORY', 'CATEGORY', 'PLATFORM', 'PLATFORM']",2020-08-14T00:00:00.000Z,3.18748745984999,367295390.54486656,33.3594,-0.80036067,-6.69518395,-0.7822818,-33.97168237,-13.28385445,-24.52820308,1413369664.599412,0.0714,10528367657.57,2022-02-11T12:41:00.000Z,0.5507797965929595,0.44922020340704044,3776,3.0
73,6636.0,Polkadot,DOT,coin,"Polkadot (DOT) is a cryptocurrency . Polkadot has a current supply of 1,103,303,471.382273 with 987,579,314.957085 in circulation. The last known price of Polkadot is 20.55424561 USD and is down -7.34 over the last 24 hours. It is currently trading on 306 active market(s) with $1,641,058,279.49 traded over the last 24 hours. More information can be found at https://polkadot.network/.",polkadot-new,https://s2.coinmarketcap.com/static/img/coins/64x64/6636.png,"['substrate', 'polkadot', 'binance-chain', 'binance-smart-chain', 'polkadot-ecosystem', 'three-arrows-capital-portfolio', 'polychain-capital-portfolio', 'arrington-xrp-capital-portfolio', 'blockchain-capital-portfolio', 'boostvc-portfolio', 'cms-holdings-portfolio', 'coinfund-portfolio', 'fabric-ventures-portfolio', 'fenbushi-capital-portfolio', 'hashkey-capital-portfolio', 'kenetic-capital-portfolio', '1confirmation-portfolio', 'placeholder-ventures-portfolio', 'pantera-capital-portfolio', 'exnetwork-capital-portfolio', 'web3', 'spartan-group']","['Substrate', 'Polkadot', 'Binance Chain', 'Binance Smart Chain Ecosystem', 'Polkadot Ecosystem', 'Three Arrows Capital Portfolio', 'Polychain Capital Portfolio', 'Arrington XRP Capital Portfolio', 'Blockchain Capital Portfolio', 'BoostVC Portfolio', 'CMS Holdings Portfolio', 'Coinfund Portfolio', 'Fabric Ventures Portfolio', 'Fenbushi Capital Portfolio', 'Hashkey Capital Portfolio', 'Kenetic Capital Portfolio', '1Confirmation Portfolio', 'Placeholder Ventures Portfolio', 'Pantera Capital Portfolio', 'Exnetwork Capital Portfolio', 'Web3', 'Spartan Group']","['CATEGORY', 'PLATFORM', 'PLATFORM', 'PLATFORM', 'PLATFORM', 'CATEGORY', 'CATEGORY', 'CATEGORY', 'CATEGORY', 'CATEGORY', 'CATEGORY', 'CATEGORY', 'CATEGORY', 'CATEGORY', 'CATEGORY', 'CATEGORY', 'CATEGORY', 'CATEGORY', 'CATEGORY', 'CATEGORY', 'INDUSTRY', 'CATEGORY']",2020-08-19T00:00:00.000Z,20.564494672400464,1642891733.3476784,49.7706,0.03601518,-7.15459588,6.12221034,-22.7429083,-26.66098991,-54.36655244,20309069561.007874,1.0263,22688878359.28,2022-02-11T12:41:00.000Z,0.5696711385887558,0.4303288614112442,5000,3.0
74,6719.0,The Graph,GRT,token,"The Graph (GRT) is a cryptocurrency launched in 2018and operates on the Ethereum platform. The Graph has a current supply of 10,000,000,000 with 4,715,735,200 in circulation. The last known price of The Graph is 0.46146985 USD and is down -4.29 over the last 24 hours. It is currently trading on 180 active market(s) with $109,441,489.63 traded over the last 24 hours. More information can be found at https://thegraph.com.",the-graph,https://s2.coinmarketcap.com/static/img/coins/64x64/6719.png,"['ai-big-data', 'enterprise-solutions', 'defi', 'binance-smart-chain', 'coinbase-ventures-portfolio', 'solana-ecosystem', 'analytics', 'coinfund-portfolio', 'dcg-portfolio', 'fabric-ventures-portfolio', 'framework-ventures-portfolio', 'ledgerprime-portfolio', 'multicoin-capital-portfolio', 'parafi-capital', 'polygon-ecosystem', 'fantom-ecosystem', 'web3', 'near-protocol-ecosystem', 'spartan-group']","['AI & Big Data', 'Enterprise Solutions', 'DeFi', 'Binance Smart Chain Ecosystem', 'Coinbase Ventures Portfolio', 'Solana Ecosystem', 'Analytics', 'Coinfund Portfolio', 'DCG Portfolio', 'Fabric Ventures Portfolio', 'Framework Ventures Portfolio', 'LedgerPrime Portfolio', 'Multicoin Capital Portfolio', 'ParaFi Capital', 'Polygon Ecosystem', 'Fantom Ecosystem', 'Web3', 'Near Protocol Ecosystem', 'Spartan Group']","['INDUSTRY', 'INDUSTRY', 'CATEGORY', 'PLATFORM', 'CATEGORY', 'PLATFORM', 'CATEGORY', 'CATEGORY', 'CATEGORY', 'CATEGORY', 'CATEGORY', 'CATEGORY', 'CATEGORY', 'CATEGORY', 'PLATFORM', 'PLATFORM', 'INDUSTRY', 'CATEGORY', 'CATEGORY']",2020-12-17T00:00:00.000Z,0.4612602830251827,109387859.26801375,31.7214,0.25704546,-4.17825053,12.45945274,-20.56942183,-29.19339544,-57.56761681,2175181353.0238166,0.1099,4638915160.64,2022-02-11T12:41:00.000Z,0.2893748422803362,0.7106251577196638,5000,3.0
75,6783.0,Axie Infinity,AXS,token,"Axie Infinity (AXS) is a cryptocurrency and operates on the Ethereum platform. Axie Infinity has a current supply of 270,000,000 with 60,907,500 in circulation. The last known price of Axie Infinity is 63.50982568 USD and is down -4.93 over the last 24 hours. It is currently trading on 187 active market(s) with $577,334,176.80 traded over the last 24 hours. More information can be found at https://axieinfinity.com/.",axie-infinity,https://s2.coinmarketcap.com/static/img/coins/64x64/6783.png,"['collectibles-nfts', 'gaming', 'binance-launchpad', 'metaverse', 'defiance-capital-portfolio', 'play-to-earn', 'animoca-brands-portfolio']","['Collectibles & NFTs', 'Gaming', 'Binance Launchpad', 'Metaverse', 'DeFiance Capital Portfolio', 'Play To Earn', 'Animoca Brands Portfolio']","['CATEGORY', 'INDUSTRY', 'CATEGORY', 'CATEGORY', 'CATEGORY', 'CATEGORY', 'CATEGORY']",2020-08-31T00:00:00.000Z,63.44699703593815,584717237.8342286,9.9525,-0.43062461,-4.66056745,30.560944,-16.84942684,-36.63835456,-55.65624655,3864397971.966403,0.1953,17130689199.7,2022-02-11T12:41:00.000Z,0.44613801515333446,0.5538619848466656,4716,3.0
76,6892.0,Elrond,EGLD,coin,"Elrond (EGLD) is a cryptocurrency . Elrond has a current supply of 23,016,298 with 20,715,969.11690823 in circulation. The last known price of Elrond is 184.61699413 USD and is down -1.37 over the last 24 hours. It is currently trading on 78 active market(s) with $239,161,998.10 traded over the last 24 hours. More information can be found at https://elrond.com/.",elrond-egld,https://s2.coinmarketcap.com/static/img/coins/64x64/6892.png,"['binance-smart-chain', 'binance-launchpad', 'binance-labs-portfolio', 'electric-capital-portfolio', 'exnetwork-capital-portfolio', 'elrond-ecosystem']","['Binance Smart Chain Ecosystem', 'Binance Launchpad', 'Binance Labs Portfolio', 'Electric Capital Portfolio', 'Exnetwork Capital Portfolio', 'Elrond Ecosystem']","['PLATFORM', 'CATEGORY', 'CATEGORY', 'CATEGORY', 'CATEGORY', 'CATEGORY']",2020-09-04T00:00:00.000Z,184.49832654077872,238142134.78407785,-2.0594,0.51560821,-0.74323423,29.1719375,-12.89102813,-27.13477796,-42.80222131,3822061634.740022,0.1931,5796185773.73,2022-02-11T12:41:00.000Z,0.49195677149695005,0.50804322850305,537,3.0
77,6945.0,Amp,AMP,token,"Amp (AMP) is a cryptocurrency launched in 2020and operates on the Ethereum platform. Amp has a current supply of 99,213,408,535 with 42,227,702,186 in circulation. The last known price of Amp is 0.03062478 USD and is down -3.07 over the last 24 hours. It is currently trading on 65 active market(s) with $12,544,172.02 traded over the last 24 hours. More information can be found at https://amptoken.org.",amp,https://s2.coinmarketcap.com/static/img/coins/64x64/6945.png,,,,2020-09-08T00:00:00.000Z,0.030614196041192605,12530380.56013617,-30.0426,0.2543673,-2.92889023,1.76964158,-28.20832621,-40.29084838,-46.04157044,1292767153.0913014,0.0653,2833271538.97,2022-02-11T12:41:00.000Z,0.3055638466632122,0.6944361533367878,5000,3.0
78,7080.0,Gala,GALA,token,"Gala (GALA) is a cryptocurrency and operates on the Ethereum platform. Gala has a current supply of 35,240,112,493 with 6,977,205,436 in circulation. The last known price of Gala is 0.33235408 USD and is down -7.74 over the last 24 hours. It is currently trading on 118 active market(s) with $1,402,460,764.45 traded over the last 24 hours. More information can be found at https://gala.games/.",gala,https://s2.coinmarketcap.com/static/img/coins/64x64/7080.png,"['collectibles-nfts', 'gaming', 'polygon-ecosystem', 'play-to-earn']","['Collectibles & NFTs', 'Gaming', 'Polygon Ecosystem', 'Play To Earn']","['CATEGORY', 'INDUSTRY', 'PLATFORM', 'CATEGORY']",2020-09-16T00:00:00.000Z,0.33183326625421267,1396369891.40661,0.9571,-0.13887135,-7.73328648,76.34824702,-4.08679469,-38.94331214,269.66004253,2315268869.154528,0.117,11693841631.72,2022-02-11T12:41:00.000Z,0.5061997846053528,0.49380021539464714,5000,3.0
79,7083.0,Uniswap,UNI,token,"Uniswap (UNI) is a cryptocurrency launched in 2020and operates on the Ethereum platform. Uniswap has a current supply of 1,000,000,000 with 632,251,815.7027552 in circulation. The last known price of Uniswap is 11.60854252 USD and is down -4.89 over the last 24 hours. It is currently trading on 333 active market(s) with $286,234,670.16 traded over the last 24 hours. More information can be found at https://uniswap.org/blog/uni/.",uniswap,https://s2.coinmarketcap.com/static/img/coins/64x64/7083.png,"['decentralized-exchange', 'defi', 'dao', 'yield-farming', 'amm', 'binance-smart-chain', 'coinbase-ventures-portfolio', 'three-arrows-capital-portfolio', 'governance', 'blockchain-capital-portfolio', 'defiance-capital-portfolio', 'alameda-research-portfolio', 'a16z-portfolio', 'pantera-capital-portfolio', 'parafi-capital', 'paradigm-portfolio', 'arbitrum-ecosytem']","['Decentralized Exchange', 'DeFi', 'DAO', 'Yield Farming', 'AMM', 'Binance Smart Chain Ecosystem', 'Coinbase Ventures Portfolio', 'Three Arrows Capital Portfolio', 'Governance', 'Blockchain Capital Portfolio', 'DeFiance Capital Portfolio', 'Alameda Research Portfolio', 'a16z Portfolio', 'Pantera Capital Portfolio', 'ParaFi Capital', 'Paradigm Portfolio', 'Arbitrum Ecosystem']","['CATEGORY', 'CATEGORY', 'CATEGORY', 'CATEGORY', 'CATEGORY', 'PLATFORM', 'CATEGORY', 'CATEGORY', 'CATEGORY', 'CATEGORY', 'CATEGORY', 'CATEGORY', 'CATEGORY', 'CATEGORY', 'CATEGORY', 'CATEGORY', 'PLATFORM']",2020-09-17T00:00:00.000Z,11.596543193029294,286139295.1364655,44.7389,0.33278003,-4.77202508,9.22666629,-29.32275691,-24.64474352,-52.20128639,7331935489.668198,0.3706,11596543193.03,2022-02-11T12:41:00.000Z,0.5044886589124535,0.4955113410875466,5000,3.0
